"id_global","id_PGJ","id_SSC","id_C5","fecha_incidente","hora_incidente","calle","colonia","alcaldia","lat","lon","delito_pgj","categoria_delito_pgj","fiscalia","agencia","unidad_investigacion"
325,16648,NA,NA,"04/01/2018","13:00:00","AUTOPISTA MEXICO CUERNAVACA KILOMETRO 42","SAN PEDRO MÁRTIR","TLALPAN",19.266445735705,-99.165080120084,"HOMICIDIO CULPOSO POR TRÁNSITO VEHICULAR (COLISION)","DELITO DE BAJO IMPACTO","INVESTIGACIÓN EN TLALPAN","TLP-4","UI-2CD"
326,16702,NA,NA,"08/01/2018","01:50:00","JUCHITAN","HIPÓDROMO","CUAUHTEMOC",19.4061337975436,-99.1778784996473,"HOMICIDIO CULPOSO POR TRÁNSITO VEHICULAR (COLISION)","DELITO DE BAJO IMPACTO","INVESTIGACIÓN EN CUAUHTEMOC","CUH-7","UI-1SD"
327,16704,NA,NA,"08/01/2018","05:20:00","CEDRO","SAN JUAN XALPA","IZTAPALAPA",19.3326458798922,-99.0852483807172,"HOMICIDIO CULPOSO POR TRÁNSITO VEHICULAR (ATROPELLADO)","DELITO DE BAJO IMPACTO","INVESTIGACIÓN EN IZTAPALAPA","IZP-9","UI-2SD"
328,16741,NA,NA,"10/01/2018","07:50:00","HUIZACHITO Y NOCHE DE PAZ","JARDINES DE LA PALMA","CUAJIMALPA DE MORELOS",19.3734035463236,-99.2791103542625,"HOMICIDIO CULPOSO POR TRÁNSITO VEHICULAR (ATROPELLADO)","DELITO DE BAJO IMPACTO","INVESTIGACIÓN EN CUAJIMALPA","CJ-1","UI-1SD"
329,16776,NA,NA,"12/01/2018","00:05:00","ANILLO PERIFERICO SUR","ARENAL TEPEPAN","TLALPAN",19.2866188034555,-99.1525340001951,"HOMICIDIO CULPOSO POR TRÁNSITO VEHICULAR (ATROPELLADO)","DELITO DE BAJO IMPACTO","INVESTIGACIÓN EN TLALPAN","TLP-3","UI-3CD"
330,16791,NA,NA,"12/01/2018","17:45:00","SUR 103","EL PARQUE","VENUSTIANO CARRANZA",19.4250413851614,-99.1161132179711,"HOMICIDIO CULPOSO POR TRÁNSITO VEHICULAR (COLISION)","DELITO DE BAJO IMPACTO","INVESTIGACIÓN EN VENUSTIANO CARRANZA","VC-3","UI-1CD"
331,16856,NA,NA,"15/01/2018","16:30:00","SUR 103","EL PARQUE","VENUSTIANO CARRANZA",19.4250413851614,-99.1161132179711,"HOMICIDIO CULPOSO POR TRÁNSITO VEHICULAR (COLISION)","DELITO DE BAJO IMPACTO","INVESTIGACIÓN EN VENUSTIANO CARRANZA","VC-3","UI-1CD"
332,16860,NA,NA,"15/01/2018","20:50:00","EJE 10 SUR SANTA CATARINA","LA CONCEPCION","TLAHUAC",19.309523917671,-98.9641445436293,"HOMICIDIO CULPOSO POR TRÁNSITO VEHICULAR (COLISION)","DELITO DE BAJO IMPACTO","INVESTIGACIÓN EN TLAHUAC","TLH-2","UI-1SD"
333,16961,NA,NA,"20/01/2018","22:35:00","KILÓMETRO 19+200","CONTADERO","CUAJIMALPA DE MORELOS",19.3479778330077,-99.2851551098039,"HOMICIDIO CULPOSO POR TRÁNSITO VEHICULAR (ATROPELLADO)","DELITO DE BAJO IMPACTO","INVESTIGACIÓN EN CUAJIMALPA","CJ-1","UI-1SD"
334,16984,NA,NA,"22/01/2018","06:10:00","ESTACION DEL METRO LA VIGA LINEA 8 DIRECCION GARIBALDI","JAMAICA","VENUSTIANO CARRANZA",19.4068318224881,-99.1260621166626,"HOMICIDIO CULPOSO POR TRÁNSITO VEHICULAR (ATROPELLADO)","DELITO DE BAJO IMPACTO","INVESTIGACIÓN EN AGENCIAS DE ATENCIÓN ESPECIALIZADAS","STCMP","UI-1CD"
335,17023,NA,NA,"24/01/2018","01:50:00","EJE CENTRAL LAZARO CARDENAS","ÁLAMOS","BENITO JUAREZ",19.3996952102197,-99.1454332198418,"HOMICIDIO CULPOSO POR TRÁNSITO VEHICULAR (ATROPELLADO)","DELITO DE BAJO IMPACTO","INVESTIGACIÓN EN BENITO JUÁREZ","BJ-1","UI-1SD"
336,17024,NA,NA,"24/01/2018","05:20:00","INSURGENTES  SUR","SANTA ÚRSULA XITLA","TLALPAN",19.2836786343279,-99.1756032255983,"HOMICIDIO CULPOSO POR TRÁNSITO VEHICULAR (ATROPELLADO)","DELITO DE BAJO IMPACTO","INVESTIGACIÓN EN MIGUEL HIDALGO","H2","UI-1SD"
337,17063,NA,NA,"26/01/2018","07:25:00","AUTOPISTA MEXICO PUEBLA  21+589 (AVENIDA PRINCIPAL)","AMPLIACIÓN EMILIANO ZAPATA","IZTAPALAPA",19.3397663911961,-98.9767126393181,"HOMICIDIO CULPOSO POR TRÁNSITO VEHICULAR (ATROPELLADO)","DELITO DE BAJO IMPACTO","INVESTIGACIÓN EN IZTAPALAPA","IZP-9","UI-3SD"
338,17086,NA,NA,"27/01/2018","01:20:00","DELFIN MADRIGAL","PEDREGAL DE SANTO DOMINGO","COYOACAN",19.3242951173565,-99.1736650330586,"HOMICIDIO CULPOSO POR TRÁNSITO VEHICULAR (COLISION)","DELITO DE BAJO IMPACTO","INVESTIGACIÓN EN COYOACÁN","COY-1","UI-3CD"
339,17088,NA,NA,"27/01/2018","03:00:00","ANILLO PERIFERICO SUR","GRANJAS COAPA","TLALPAN",19.2981688970692,-99.1131053996791,"HOMICIDIO CULPOSO POR TRÁNSITO VEHICULAR (COLISION)","DELITO DE BAJO IMPACTO","INVESTIGACIÓN EN TLALPAN","TLP-4","UI-3CD"
340,17113,NA,NA,"28/01/2018","03:55:00","FRANCISCO DEL PASO Y TRONCOSO","JARDÍN BALBUENA","VENUSTIANO CARRANZA",19.412575517039,-99.1130462677943,"HOMICIDIO CULPOSO POR TRÁNSITO VEHICULAR (CAIDA)","DELITO DE BAJO IMPACTO","INVESTIGACIÓN EN VENUSTIANO CARRANZA","VC-3","UI-1SD"
341,17214,NA,NA,"01/02/2018","13:40:00","CARR. FED. MEXICO-CUERNAVACA","PARRES EL GUARDA","TLALPAN",19.135107917662,-99.1748099292593,"HOMICIDIO CULPOSO POR TRÁNSITO VEHICULAR (COLISION)","DELITO DE BAJO IMPACTO","INVESTIGACIÓN EN TLALPAN","TLP-3","UI-3CD"
342,17284,NA,NA,"04/02/2018","09:50:00","AÑOS DE  JUAREZ ESQUINA FLORICULTORES","SAN GREGORIO ATLAPULCO","XOCHIMILCO",19.2571106100001,-99.0472104298216,"HOMICIDIO CULPOSO POR TRÁNSITO VEHICULAR (ATROPELLADO)","DELITO DE BAJO IMPACTO","INVESTIGACIÓN EN XOCHIMILCO","XO-2","UI-3CD"
343,17335,NA,NA,"07/02/2018","04:00:00","RIVERA DE SAN COSME","SANTA MARIA LA RIBERA","CUAUHTEMOC",19.4423004538578,-99.1615096402853,"HOMICIDIO CULPOSO POR TRÁNSITO VEHICULAR (ATROPELLADO)","DELITO DE BAJO IMPACTO","INVESTIGACIÓN EN MIGUEL HIDALGO","H2","UI-1SD"
344,17346,NA,NA,"07/02/2018","15:27:00","PASEOS DEL PEDREGAL","JARDINES DEL PEDREGAL","ALVARO OBREGON",19.3198835983094,-99.2136326364047,"HOMICIDIO CULPOSO POR TRÁNSITO VEHICULAR (ATROPELLADO)","DELITO DE BAJO IMPACTO","INVESTIGACIÓN EN ÁLVARO OBREGÓN","AO-3","UI-3CD"
345,17364,NA,NA,"08/02/2018","14:30:00","AVENIDA PRINCIPAL","CENTRAL DE ABASTO","IZTAPALAPA",19.3715394000329,-99.0901106004421,"HOMICIDIO CULPOSO POR TRÁNSITO VEHICULAR (ATROPELLADO)","DELITO DE BAJO IMPACTO","INVESTIGACIÓN EN IZTAPALAPA","IZP-6","UI-1CD"
346,17390,NA,NA,"09/02/2018","22:30:00","AV. MEXICO COYOACAN","GENERAL PEDRO MARIA ANAYA","BENITO JUAREZ",19.3591424737808,-99.1633374933553,"HOMICIDIO CULPOSO POR TRÁNSITO VEHICULAR (COLISION)","DELITO DE BAJO IMPACTO","INVESTIGACIÓN EN BENITO JUÁREZ","H3","UI-1SD"
347,17463,NA,NA,"13/02/2018","06:55:00","AV. MEXICO COYOACAN","GENERAL PEDRO MARIA ANAYA","BENITO JUAREZ",19.3591424737808,-99.1633374933553,"HOMICIDIO CULPOSO POR TRÁNSITO VEHICULAR (COLISION)","DELITO DE BAJO IMPACTO","INVESTIGACIÓN EN BENITO JUÁREZ","H3","UI-1SD"
348,17495,NA,NA,"15/02/2018","01:00:00","AVENIDA ERMITA IZTAPALAPA","AMPLIACION ZONA URBANA EJIDAL SANTA MARIA AZTAHUAC","IZTAPALAPA",19.3443804091163,-99.0302983918169,"HOMICIDIO CULPOSO POR TRÁNSITO VEHICULAR (CAIDA)","DELITO DE BAJO IMPACTO","INVESTIGACIÓN EN IZTAPALAPA","IZP-6","UI-1CD"
349,17520,NA,NA,"15/02/2018","19:45:00","AV 5","GRANJAS DE SAN ANTONIO","IZTAPALAPA",19.3620438651762,-99.1100691752672,"HOMICIDIO CULPOSO POR TRÁNSITO VEHICULAR (ATROPELLADO)","DELITO DE BAJO IMPACTO","INVESTIGACIÓN EN IZTAPALAPA","IZP-8","UI-2CD"
350,17524,NA,NA,"15/02/2018","23:00:00","SALVADOR DIAZ MIRON","SANTO TOMAS","MIGUEL HIDALGO",19.4518093038201,-99.1701793002622,"HOMICIDIO CULPOSO POR TRÁNSITO VEHICULAR (ATROPELLADO)","DELITO DE BAJO IMPACTO","INVESTIGACIÓN EN MIGUEL HIDALGO","H1","UI-1SD"
351,17591,NA,NA,"18/02/2018","17:35:00","EJE  DIEZ SUR","SELENE","TLAHUAC",19.2940979038312,-98.997351709935,"HOMICIDIO CULPOSO POR TRÁNSITO VEHICULAR (COLISION)","DELITO DE BAJO IMPACTO","INVESTIGACIÓN PARA LA ATENCIÓN DE NIÑOS, NIÑAS Y ADOLESCENTES","57","UI-2CD"
352,17610,NA,NA,"20/02/2018","07:25:00","ACUEDUCTO DE GUADALUPE","SAN PEDRO ZACATENCO","GUSTAVO A MADERO",19.5018357026337,-99.1173315352234,"HOMICIDIO CULPOSO POR TRÁNSITO VEHICULAR (ATROPELLADO)","DELITO DE BAJO IMPACTO","INVESTIGACIÓN EN GUSTAVO A. MADERO","GAM-2","UI-1CD"
353,17665,NA,NA,"23/02/2018","05:50:00","EJE 6 ANGEL URRAZA","DEL VALLE CENTRO","BENITO JUAREZ",19.3825066308766,-99.1649197145242,"HOMICIDIO CULPOSO POR TRÁNSITO VEHICULAR (COLISION)","DELITO DE BAJO IMPACTO","INVESTIGACIÓN EN BENITO JUÁREZ","BJ-2","UI-2CD"
354,17674,NA,NA,"23/02/2018","11:50:00","AVENIDA RIO DE LOS REMEDIOS","SAN FELIPE DE JESÚS","GUSTAVO A MADERO",19.4961202965129,-99.0778219892723,"HOMICIDIO CULPOSO POR TRÁNSITO VEHICULAR (ATROPELLADO)","DELITO DE BAJO IMPACTO","INVESTIGACIÓN EN GUSTAVO A. MADERO","GAM-2","UI-1CD"
355,17705,NA,NA,"24/02/2018","14:30:00","AQUILES SERDAN","TIERRA NUEVA","AZCAPOTZALCO",19.4998196188341,-99.2026014732635,"HOMICIDIO CULPOSO POR TRÁNSITO VEHICULAR (ATROPELLADO)","DELITO DE BAJO IMPACTO","INVESTIGACIÓN EN MIGUEL HIDALGO","H2","UI-1SD"
356,17714,NA,NA,"24/02/2018","23:15:00","CARRETERA FEDERAL XOCHIMILCO-OAXTEPEC","SAN MARCOS (SANTA ANA TLACOTENCO)","MILPA ALTA",19.1707290973981,-98.9949368000435,"HOMICIDIO CULPOSO POR TRÁNSITO VEHICULAR (COLISION)","DELITO DE BAJO IMPACTO","INVESTIGACIÓN EN MILPA ALTA","MIL-1","UI-2CD"
357,17774,NA,NA,"27/02/2018","13:00:00","LEÑADORES","PROGRESO DEL SUR","IZTAPALAPA",19.3539632158089,-99.1123070834544,"HOMICIDIO CULPOSO POR TRÁNSITO VEHICULAR (ATROPELLADO)","DELITO DE BAJO IMPACTO","INVESTIGACIÓN EN COYOACÁN","COY-5","UI-2CD"
358,17801,NA,NA,"28/02/2018","16:01:59","SUR 113 A","GABRIEL RAMOS MILLÁN SECCIÓN TLACOTAL","IZTACALCO",19.3968984748071,-99.1083904984203,"HOMICIDIO CULPOSO POR TRÁNSITO VEHICULAR","DELITO DE BAJO IMPACTO","INVESTIGACIÓN EN IZTACALCO","IZC-2","UI-3SD"
359,17824,NA,NA,"01/03/2018","20:23:59","DR. BALMIS","DOCTORES","CUAUHTEMOC",19.4148214646811,-99.1508288658614,"HOMICIDIO CULPOSO POR TRÁNSITO VEHICULAR (COLISION)","DELITO DE BAJO IMPACTO","INVESTIGACIÓN EN CUAUHTEMOC","CUH-8","UI-1SD"
360,17849,NA,NA,"02/03/2018","21:00:00","CARR. MEXICO TOLUCA","CUAJIMALPA","CUAJIMALPA DE MORELOS",19.3496299952339,-99.303444288398,"HOMICIDIO CULPOSO POR TRÁNSITO VEHICULAR (ATROPELLADO)","DELITO DE BAJO IMPACTO","INVESTIGACIÓN EN CUAJIMALPA","CJ-1","UI-1SD"
361,17859,NA,NA,"03/03/2018","01:50:00","AVENIDA MEXICO-COYOACAN","GENERAL PEDRO MARIA ANAYA","BENITO JUAREZ",19.3591424737808,-99.1633374933553,"HOMICIDIO CULPOSO POR TRÁNSITO VEHICULAR (ATROPELLADO)","DELITO DE BAJO IMPACTO","INVESTIGACIÓN EN BENITO JUÁREZ","H3","UI-1SD"
362,17962,NA,NA,"07/03/2018","07:20:00","AVENIDA CEYLAN","LAS SALINAS","AZCAPOTZALCO",19.4924323953162,-99.1692100218471,"HOMICIDIO CULPOSO POR TRÁNSITO VEHICULAR (ATROPELLADO)","DELITO DE BAJO IMPACTO","INVESTIGACIÓN EN AZCAPOTZALCO","AZ-2","UI-3CD"
363,18088,NA,NA,"12/03/2018","14:00:00","PLAN DE LA NORIA","SAN LORENZO LA CEBADA","XOCHIMILCO",19.2778353823958,-99.1210532792642,"HOMICIDIO CULPOSO POR TRÁNSITO VEHICULAR (ATROPELLADO)","DELITO DE BAJO IMPACTO","INVESTIGACIÓN EN TLALPAN","TLP-3","UI-3CD"
364,18138,NA,NA,"14/03/2018","12:53:00","CECILIO ROBELO","EL PARQUE","VENUSTIANO CARRANZA",19.4248395145528,-99.1144276880082,"HOMICIDIO CULPOSO POR TRÁNSITO VEHICULAR (ATROPELLADO)","DELITO DE BAJO IMPACTO","INVESTIGACIÓN EN VENUSTIANO CARRANZA","VC-3","UI-2CD"
365,18220,NA,NA,"17/03/2018","19:45:00","AUTOPISTA MEXICO TOLUCA-DIRECCION A TOLUCA","SAN MATEO TLALTENANGO","CUAJIMALPA DE MORELOS",19.3479806987205,-99.2841654174726,"HOMICIDIO CULPOSO POR TRÁNSITO VEHICULAR (COLISION)","DELITO DE BAJO IMPACTO","INVESTIGACIÓN EN CUAJIMALPA","CJ-1","UI-1SD"
366,18253,NA,NA,"19/03/2018","17:50:00","DOCTOR VERTIZ","DOCTORES","CUAUHTEMOC",19.4122822115917,-99.1488032110455,"HOMICIDIO CULPOSO POR TRÁNSITO VEHICULAR (ATROPELLADO)","DELITO DE BAJO IMPACTO","INVESTIGACIÓN EN CUAUHTEMOC","CUH-2","UI-1SD"
367,18282,NA,NA,"21/03/2018","02:15:00","ALBARRADA","ALBARRADA I","IZTAPALAPA",19.3574695084214,-99.0688598867606,"HOMICIDIO CULPOSO POR TRÁNSITO VEHICULAR (COLISION)","DELITO DE BAJO IMPACTO","INVESTIGACIÓN EN IZTAPALAPA","IZP-5","UI-3SD"
368,18305,NA,NA,"22/03/2018","02:27:00","EJE  SEIS  SUR","UNIDAD VICENTE GUERRERO","IZTAPALAPA",19.3578178005417,-99.0543446995813,"HOMICIDIO CULPOSO POR TRÁNSITO VEHICULAR (CAIDA)","DELITO DE BAJO IMPACTO","INVESTIGACIÓN EN IZTAPALAPA","IZP-6","UI-3CD"
369,18415,NA,NA,"27/03/2018","22:20:00","PATRIOTISMO","SAN PEDRO DE LOS PINOS","BENITO JUAREZ",19.3940486271684,-99.1817783958952,"HOMICIDIO CULPOSO POR TRÁNSITO VEHICULAR (ATROPELLADO)","DELITO DE BAJO IMPACTO","INVESTIGACIÓN EN BENITO JUÁREZ","H3","UI-1SD"
370,18444,NA,NA,"29/03/2018","07:17:00","EJE SEIS  ( ESTACIONAMIENTO  A UN COSTADO  DE  BANCOMER","","IZTAPALAPA",19.3673185039283,-99.0970221721957,"HOMICIDIO CULPOSO POR TRÁNSITO VEHICULAR","DELITO DE BAJO IMPACTO","INVESTIGACIÓN EN IZTAPALAPA","IZP-3","UI-1SD"
371,18454,NA,NA,"29/03/2018","22:15:00","PEDRO ARVIZU","EMILIANO ZAPATA","COYOACAN",19.3268250653859,-99.1375231088703,"HOMICIDIO CULPOSO POR TRÁNSITO VEHICULAR","DELITO DE BAJO IMPACTO","INVESTIGACIÓN EN COYOACÁN","COY-3","UI-2SD"
372,18458,NA,NA,"29/03/2018","23:20:00","AVENIDA ERMITA IZTAPALAPA","SANTA CRUZ MEYEHUALCO","IZTAPALAPA",19.3426555763551,-99.0464770502752,"HOMICIDIO CULPOSO POR TRÁNSITO VEHICULAR","DELITO DE BAJO IMPACTO","INVESTIGACIÓN EN IZTAPALAPA","IZP-5","UI-2SD"
373,18486,NA,NA,"31/03/2018","07:30:00","AV. TLAHUAC","PUEBLO CULHUACÁN","IZTAPALAPA",19.3379624233923,-99.1088766247169,"HOMICIDIO CULPOSO POR TRÁNSITO VEHICULAR (COLISION)","DELITO DE BAJO IMPACTO","INVESTIGACIÓN EN IZTAPALAPA","IZP-8","UI-1CD"
374,18496,NA,NA,"31/03/2018","21:35:00","DE AVENIDA PERIFERICO EN DIRECCION DE PONIENTE A ORIENTE","FUENTES DEL PEDREGAL","TLALPAN",19.3050395926533,-99.2043439088555,"HOMICIDIO CULPOSO POR TRÁNSITO VEHICULAR (ATROPELLADO)","DELITO DE BAJO IMPACTO","INVESTIGACIÓN EN TLALPAN","TLP-4","UI-1CD"
375,18512,NA,NA,"02/04/2018","08:50:00","CALZADA ACOXPA","PRADO COAPA 3A SECCIÓN","TLALPAN",19.2930696318443,-99.1255071688872,"HOMICIDIO CULPOSO POR TRÁNSITO VEHICULAR (COLISION)","DELITO DE BAJO IMPACTO","INVESTIGACIÓN EN COYOACÁN","COY-5","UI-2CD"
376,18656,NA,NA,"08/04/2018","01:05:00","AUTOPISTA MEXICO-CUERNAVACA","SAN ANDRÉS TOTOLTEPEC","TLALPAN",19.2501655156275,-99.1561099216254,"HOMICIDIO CULPOSO POR TRÁNSITO VEHICULAR (ATROPELLADO)","DELITO DE BAJO IMPACTO","INVESTIGACIÓN EN TLALPAN","TLP-3","UI-2CD"
377,18675,NA,NA,"08/04/2018","22:30:00","CARRETERA FEDERAL MEXICO-CUERNAVACA","PARRES EL GUARDA","TLALPAN",19.1359482025278,-99.1767541001794,"HOMICIDIO CULPOSO POR TRÁNSITO VEHICULAR (COLISION)","DELITO DE BAJO IMPACTO","INVESTIGACIÓN EN TLALPAN","TLP-4","UI-3CD"
378,18686,NA,NA,"09/04/2018","14:39:59","CIUDAD DE MEXICO-CUERNAVACA","SAN MIGUEL TOPILEJO","TLALPAN",19.1994653383371,-99.1451858767345,"HOMICIDIO CULPOSO POR TRÁNSITO VEHICULAR (COLISION)","DELITO DE BAJO IMPACTO","INVESTIGACIÓN EN TLALPAN","TLP-4","UI-1CD"
379,18694,NA,NA,"10/04/2018","00:10:00","AUTOPISTA MEXICO LA MARQUESA","CONTADERO","CUAJIMALPA DE MORELOS",19.3395789642679,-99.3110640336451,"HOMICIDIO CULPOSO POR TRÁNSITO VEHICULAR (COLISION)","DELITO DE BAJO IMPACTO","INVESTIGACIÓN EN CUAJIMALPA","CJ-1","UI-1SD"
380,18708,NA,NA,"10/04/2018","18:10:00","CENTRAL DE ABASTO","CENTRAL DE ABASTO","IZTAPALAPA",19.3685671974337,-99.0893079001487,"HOMICIDIO CULPOSO POR TRÁNSITO VEHICULAR (COLISION)","DELITO DE BAJO IMPACTO","INVESTIGACIÓN EN IZTAPALAPA","IZP-6","UI-2CD"
381,18738,NA,NA,"12/04/2018","02:45:00","CECILIO ROBELO","JARDÍN BALBUENA","VENUSTIANO CARRANZA",19.4229435894666,-99.1091864979562,"HOMICIDIO CULPOSO POR TRÁNSITO VEHICULAR","DELITO DE BAJO IMPACTO","INVESTIGACIÓN EN VENUSTIANO CARRANZA","VC-3","UI-3CD"
382,18761,NA,NA,"12/04/2018","23:00:00","KILOMETRO 35  CARRETERA FEDERAL MEXICO TOLUCA","PARRES EL GUARDA","TLALPAN",19.1360553967686,-99.1734124858945,"HOMICIDIO CULPOSO POR TRÁNSITO VEHICULAR (COLISION)","DELITO DE BAJO IMPACTO","INVESTIGACIÓN EN MIGUEL HIDALGO","H2","UI-1SD"
383,18829,NA,NA,"15/04/2018","16:00:00","CARRETERA FEDERAL MEXICO-CUERNAVACA","PARRES EL GUARDA","TLALPAN",19.1359482025278,-99.1767541001794,"HOMICIDIO CULPOSO POR TRÁNSITO VEHICULAR (COLISION)","DELITO DE BAJO IMPACTO","INVESTIGACIÓN EN TLALPAN","TLP-4","UI-1CD"
384,18884,NA,NA,"18/04/2018","15:30:00","AVENIDA MEXICO COYOACAN","GENERAL PEDRO MARIA ANAYA","BENITO JUAREZ",19.3591424737808,-99.1633374933553,"HOMICIDIO CULPOSO POR TRÁNSITO VEHICULAR (COLISION)","DELITO DE BAJO IMPACTO","INVESTIGACIÓN EN BENITO JUÁREZ","H3","UI-1SD"
385,18904,NA,NA,"19/04/2018","13:50:00","MARTIN CARRERA","MARTÍN CARRERA","GUSTAVO A MADERO",19.4884991110947,-99.1075600225912,"HOMICIDIO CULPOSO POR TRÁNSITO VEHICULAR (ATROPELLADO)","DELITO DE BAJO IMPACTO","INVESTIGACIÓN EN GUSTAVO A. MADERO","GAM-4","UI-2CD"
386,18915,NA,NA,"20/04/2018","01:30:00","ERMITA IZTAPALAPA","AMPLIACION ZONA URBANA EJIDAL SANTA MARIA AZTAHUAC","IZTAPALAPA",19.3446598286648,-99.0274873282975,"HOMICIDIO CULPOSO POR TRÁNSITO VEHICULAR (ATROPELLADO)","DELITO DE BAJO IMPACTO","INVESTIGACIÓN EN IZTAPALAPA","IZP-6","UI-2CD"
387,18924,NA,NA,"20/04/2018","09:35:00","CALZADA  IGNACIO  ZARAGOZA","TEPALCATES","IZTAPALAPA",19.3954375141557,-99.0545717112428,"HOMICIDIO CULPOSO POR TRÁNSITO VEHICULAR (COLISION)","DELITO DE BAJO IMPACTO","INVESTIGACIÓN EN IZTAPALAPA","IZP-6","UI-3CD"
388,18926,NA,NA,"20/04/2018","11:00:00","TENOCHTITLAN","ARENAL 1A SECCIÓN","VENUSTIANO CARRANZA",19.4228092429073,-99.0588691447761,"HOMICIDIO CULPOSO POR TRÁNSITO VEHICULAR (COLISION)","DELITO DE BAJO IMPACTO","INVESTIGACIÓN EN VENUSTIANO CARRANZA","VC-5","UI-1SD"
389,18963,NA,NA,"21/04/2018","21:10:00","AUTOPISTA MEXICO-PUEBLA","SAN MIGUEL TEOTONGO","IZTAPALAPA",19.3520922868889,-98.9878116955588,"HOMICIDIO CULPOSO POR TRÁNSITO VEHICULAR (ATROPELLADO)","DELITO DE BAJO IMPACTO","INVESTIGACIÓN EN IZTAPALAPA","IZP-9","UI-1SD"
390,18992,NA,NA,"23/04/2018","15:00:00","LA CASTAÑEDA","MIXCOAC","BENITO JUAREZ",19.3711463281704,-99.1898643272442,"HOMICIDIO CULPOSO POR TRÁNSITO VEHICULAR (COLISION)","DELITO DE BAJO IMPACTO","INVESTIGACIÓN EN BENITO JUÁREZ","BJ-2","UI-3CD"
391,19075,NA,NA,"28/04/2018","05:55:00","CARRETERA FEDERAL TOLUCA MEXICO","CONTADERO","CUAJIMALPA DE MORELOS",19.3470285694373,-99.3069464207663,"HOMICIDIO CULPOSO POR TRÁNSITO VEHICULAR (ATROPELLADO)","DELITO DE BAJO IMPACTO","INVESTIGACIÓN EN CUAJIMALPA","CJ-1","UI-1SD"
392,19100,NA,NA,"29/04/2018","09:02:00","ESTACION DEL METRO XOLA LINEA 2 DIRECCION A TAXQUEÑA","ÁLAMOS","BENITO JUAREZ",19.395205876569,-99.1379725900665,"HOMICIDIO CULPOSO POR TRÁNSITO VEHICULAR","DELITO DE BAJO IMPACTO","INVESTIGACIÓN EN AGENCIAS DE ATENCIÓN ESPECIALIZADAS","STCMP","UI-3CD"
393,19103,NA,NA,"29/04/2018","12:13:00","CAPULINES","LAS CRUCES","LA MAGDALENA CONTRERAS",19.3172046074932,-99.2565496617629,"HOMICIDIO CULPOSO POR TRÁNSITO VEHICULAR","DELITO DE BAJO IMPACTO","INVESTIGACIÓN EN MAGDALENA CONTRERAS","MC-1","UI-3SD"
394,19127,NA,NA,"30/04/2018","17:30:00","AUTOPISTA MEXICO TOLUCA","CONTADERO","CUAJIMALPA DE MORELOS",19.3508591234403,-99.2980742841594,"HOMICIDIO CULPOSO POR TRÁNSITO VEHICULAR (COLISION)","DELITO DE BAJO IMPACTO","INVESTIGACIÓN EN CUAJIMALPA","CJ-1","UI-1SD"
395,19227,NA,NA,"05/05/2018","02:00:00","PIPIZAHUA","PEDREGAL DE SANTO DOMINGO","COYOACAN",19.3328515890512,-99.1678272111147,"HOMICIDIO CULPOSO POR TRÁNSITO VEHICULAR (ATROPELLADO)","DELITO DE BAJO IMPACTO","INVESTIGACIÓN EN TLALPAN","TLP-3","UI-3CD"
396,19274,NA,NA,"06/05/2018","17:30:00","AUTOPISTA MEXICO-CUERNAVACA","PARRES EL GUARDA","TLALPAN",19.1359482025278,-99.1767541001794,"HOMICIDIO CULPOSO POR TRÁNSITO VEHICULAR (COLISION)","DELITO DE BAJO IMPACTO","INVESTIGACIÓN EN TLALPAN","TLP-4","UI-1CD"
397,19279,NA,NA,"06/05/2018","18:45:00","CARRETERA FEDERAL MEXICO-CUERNAVACA","PARRES EL GUARDA","TLALPAN",19.1359960605634,-99.1735038997113,"HOMICIDIO CULPOSO POR TRÁNSITO VEHICULAR (CAIDA)","DELITO DE BAJO IMPACTO","INVESTIGACIÓN EN TLALPAN","TLP-4","UI-1CD"
398,19322,NA,NA,"09/05/2018","10:00:00","CALZ. DE LAS BOMBAS","LOS GIRASOLES","COYOACAN",19.30878755725,-99.1325141460882,"HOMICIDIO CULPOSO POR TRÁNSITO VEHICULAR (ATROPELLADO)","DELITO DE BAJO IMPACTO","INVESTIGACIÓN EN COYOACÁN","COY-5","UI-1CD"
399,19328,NA,NA,"09/05/2018","16:54:59","METRO HOSPITAL GENERAL","DOCTORES","CUAUHTEMOC",19.4135550883091,-99.1536486658586,"HOMICIDIO CULPOSO POR TRÁNSITO VEHICULAR (ATROPELLADO)","DELITO DE BAJO IMPACTO","INVESTIGACIÓN EN AGENCIAS DE ATENCIÓN ESPECIALIZADAS","STCMP","UI-1CD"
400,19375,NA,NA,"11/05/2018","23:39:59","SEGUNDA CERRADA DE PLAN DE AYALA ESQUINA CON PLAN DE AYALA","ZONA URBANA EJIDAL SANTA MARIA TOMATLAN","IZTAPALAPA",19.3296824083381,-99.0947632205451,"HOMICIDIO CULPOSO POR TRÁNSITO VEHICULAR (COLISION)","DELITO DE BAJO IMPACTO","INVESTIGACIÓN EN IZTAPALAPA","IZP-6","UI-3CD"
401,19407,NA,NA,"13/05/2018","16:45:00","AV. 602","SAN JUAN DE ARAGÓN V SECCIÓN","GUSTAVO A MADERO",19.4491762507648,-99.0614542844373,"HOMICIDIO CULPOSO POR TRÁNSITO VEHICULAR (ATROPELLADO)","DELITO DE BAJO IMPACTO","INVESTIGACIÓN EN GUSTAVO A. MADERO","GAM-8","UI-2SD"
402,19412,NA,NA,"13/05/2018","20:05:00","ANILLO PERIFERICO (BLVD. ADOLFO RUIZ CORTINES)","PISTA OLIMPICA VIRGILIO URIBE (CANAL DE CUEMANCO)","XOCHIMILCO",19.2950711065833,-99.1010404094897,"HOMICIDIO CULPOSO POR TRÁNSITO VEHICULAR (CAIDA)","DELITO DE BAJO IMPACTO","INVESTIGACIÓN EN XOCHIMILCO","XO-2","UI-2CD"
403,19422,NA,NA,"14/05/2018","07:27:00","AVENIDA  SAN LORENZO","EL RODEO","IZTAPALAPA",19.334771790692,-99.0748311897389,"HOMICIDIO CULPOSO POR TRÁNSITO VEHICULAR (ATROPELLADO)","DELITO DE BAJO IMPACTO","INVESTIGACIÓN EN IZTAPALAPA","IZP-8","UI-3CD"
404,19503,NA,NA,"17/05/2018","13:04:00","LAURO AGUIRRE","AGRICULTURA","MIGUEL HIDALGO",19.4483427704619,-99.1656334527747,"HOMICIDIO CULPOSO POR TRÁNSITO VEHICULAR (ATROPELLADO)","DELITO DE BAJO IMPACTO","INVESTIGACIÓN EN MIGUEL HIDALGO","H1","UI-1SD"
405,19504,NA,NA,"17/05/2018","13:09:59","LAURO AGUIRRE","AGRICULTURA","MIGUEL HIDALGO",19.4482838069265,-99.1657672716251,"HOMICIDIO CULPOSO POR TRÁNSITO VEHICULAR (ATROPELLADO)","DELITO DE BAJO IMPACTO","INVESTIGACIÓN EN MIGUEL HIDALGO","MH-5","UI-3CD"
406,19512,NA,NA,"17/05/2018","18:00:00","CALZADA DE TLALPAN","PUEBLO DE SANTA URSULA COAPA","COYOACAN",19.3151301759024,-99.1403808940453,"HOMICIDIO CULPOSO POR TRÁNSITO VEHICULAR (COLISION)","DELITO DE BAJO IMPACTO","INVESTIGACIÓN EN COYOACÁN","COY-1","UI-3CD"
407,19517,NA,NA,"17/05/2018","21:45:00","LATERAL ORIENTE DE CANAL DE  RIO CHURUBUSCO","AGRÍCOLA PANTITLAN","IZTACALCO",19.4207367068111,-99.0598694949779,"HOMICIDIO CULPOSO POR TRÁNSITO VEHICULAR (CAIDA)","DELITO DE BAJO IMPACTO","INVESTIGACIÓN EN IZTACALCO","IZC-2","UI-3SD"
408,19605,NA,NA,"21/05/2018","15:00:00","METRO AUTOBUSES DEL NORTE,","TLACAMACA","GUSTAVO A MADERO",19.4789659807692,-99.140273813765,"HOMICIDIO CULPOSO POR TRÁNSITO VEHICULAR (ATROPELLADO)","DELITO DE BAJO IMPACTO","INVESTIGACIÓN EN AGENCIAS DE ATENCIÓN ESPECIALIZADAS","STCMP","UI-1CD"
409,19754,NA,NA,"27/05/2018","19:30:00","EJE CENTRAL LAZARO CARDENAS","CENTRO","CUAUHTEMOC",19.4235951971364,-99.1421562001148,"HOMICIDIO CULPOSO POR TRÁNSITO VEHICULAR (ATROPELLADO)","DELITO DE BAJO IMPACTO","INVESTIGACIÓN EN MIGUEL HIDALGO","H2","UI-1SD"
410,19821,NA,NA,"31/05/2018","00:03:00","AV. XOCHIMILCO (EJE 1 NTE)","AGRÍCOLA PANTITLAN","IZTACALCO",19.4134948306196,-99.0665797098844,"HOMICIDIO CULPOSO POR TRÁNSITO VEHICULAR (ATROPELLADO)","DELITO DE BAJO IMPACTO","INVESTIGACIÓN EN IZTACALCO","IZC-2","UI-1SD"
411,19882,NA,NA,"02/06/2018","00:50:00","CARRETERA FEDERAL MEXICO CUERNAVACA","SAN ANDRÉS TOTOLTEPEC","TLALPAN",19.2573813327181,-99.1613426205935,"HOMICIDIO CULPOSO POR TRÁNSITO VEHICULAR (COLISION)","DELITO DE BAJO IMPACTO","INVESTIGACIÓN EN TLALPAN","TLP-4","UI-3CD"
412,19910,NA,NA,"02/06/2018","21:35:00","AVENIDA 608 CASI ESQUINA CON AVENIDA 602","SAN JUAN DE ARAGÓN IV SECCIÓN","GUSTAVO A MADERO",19.4515558409056,-99.0779734572231,"HOMICIDIO CULPOSO POR TRÁNSITO VEHICULAR (ATROPELLADO)","DELITO DE BAJO IMPACTO","INVESTIGACIÓN EN AGENCIAS DE ATENCIÓN ESPECIALIZADAS","STCMP","UI-1CD"
413,19959,NA,NA,"05/06/2018","05:30:00","AVENIDA  CONSCRIPTO","UNIDAD HAB. LOMAS DE SOTELO","MIGUEL HIDALGO",19.4475235264206,-99.2147221113231,"HOMICIDIO CULPOSO POR TRÁNSITO VEHICULAR (ATROPELLADO)","DELITO DE BAJO IMPACTO","INVESTIGACIÓN EN MIGUEL HIDALGO","MH-2","UI-1SD"
414,20068,NA,NA,"10/06/2018","18:24:59","CARRETERA FEDERAL MEXICO-CUERNAVACA","SAN PEDRO MÁRTIR","TLALPAN",19.265143939015,-99.1715942537978,"HOMICIDIO CULPOSO POR TRÁNSITO VEHICULAR (CAIDA)","DELITO DE BAJO IMPACTO","INVESTIGACIÓN EN TLALPAN","TLP-3","UI-3CD"
415,20086,NA,NA,"11/06/2018","13:40:00","CALLE CUATRO","AGRÍCOLA PANTITLAN","IZTACALCO",19.4126360437614,-99.0624095050099,"HOMICIDIO CULPOSO POR TRÁNSITO VEHICULAR (ATROPELLADO)","DELITO DE BAJO IMPACTO","INVESTIGACIÓN EN IZTACALCO","IZC-3","UI-2CD"
416,20135,NA,NA,"14/06/2018","08:39:59","KILOMETRO 035+950, DE LA AUTOPISTA MEXICO CUERNAVACA (DIRECCION A LA CDMX)","PARRES EL GUARDA","TLALPAN",19.1359482025278,-99.1767541001794,"HOMICIDIO CULPOSO POR TRÁNSITO VEHICULAR (COLISION)","DELITO DE BAJO IMPACTO","INVESTIGACIÓN EN TLALPAN","TLP-4","UI-1CD"
417,20169,NA,NA,"16/06/2018","01:09:59","AVENIDA ERMITA IZTAPALAPA","AMPLIACION ZONA URBANA EJIDAL SANTA MARIA AZTAHUAC","IZTAPALAPA",19.3444700624182,-99.0296215766885,"HOMICIDIO CULPOSO POR TRÁNSITO VEHICULAR (ATROPELLADO)","DELITO DE BAJO IMPACTO","INVESTIGACIÓN EN IZTAPALAPA","IZP-6","UI-2CD"
418,20173,NA,NA,"16/06/2018","05:58:00","INSURGENTES NORTE","ATLAMPA","CUAUHTEMOC",19.458594498771,-99.1562463392908,"HOMICIDIO CULPOSO POR TRÁNSITO VEHICULAR (COLISION)","DELITO DE BAJO IMPACTO","INVESTIGACIÓN EN CUAUHTEMOC","CUH-1","UI-2SD"
419,20177,NA,NA,"16/06/2018","10:00:00","SAN FRANCISCO  TLALTENCO","GUADALUPE TLALTENCO","TLAHUAC",19.2973503773527,-99.011708870093,"HOMICIDIO CULPOSO POR TRÁNSITO VEHICULAR (COLISION)","DELITO DE BAJO IMPACTO","INVESTIGACIÓN EN TLAHUAC","TLH-2","UI-3SD"
420,20190,NA,NA,"16/06/2018","21:40:00","MEXICO-CUERNAVACA","SAN MIGUEL TOPILEJO","TLALPAN",19.1998075493034,-99.1444212870552,"HOMICIDIO CULPOSO POR TRÁNSITO VEHICULAR (ATROPELLADO)","DELITO DE BAJO IMPACTO","INVESTIGACIÓN EN TLALPAN","TLP-3","UI-3CD"
421,20195,NA,NA,"17/06/2018","07:00:00","AV. OBSERVATORIO","DANIEL GARZA","MIGUEL HIDALGO",19.4023392263491,-99.2005710432415,"HOMICIDIO CULPOSO POR TRÁNSITO VEHICULAR (COLISION)","DELITO DE BAJO IMPACTO","INVESTIGACIÓN EN MIGUEL HIDALGO","MH-5","UI-3CD"
422,20203,NA,NA,"17/06/2018","13:20:00","VASCO DE QUIROGA","LOMAS DE SANTA FE","CUAJIMALPA DE MORELOS",19.3627051511012,-99.2744150852856,"HOMICIDIO CULPOSO POR TRÁNSITO VEHICULAR (ATROPELLADO)","DELITO DE BAJO IMPACTO","INVESTIGACIÓN EN CUAJIMALPA","CJ-2","UI-1CD"
423,20205,NA,NA,"17/06/2018","17:00:00","PROLONGACION CINCO DE MAYO","LA MARTINICA II","ALVARO OBREGON",19.3589227241269,-99.2192050272514,"HOMICIDIO CULPOSO POR TRÁNSITO VEHICULAR (ATROPELLADO)","DELITO DE BAJO IMPACTO","INVESTIGACIÓN EN ÁLVARO OBREGÓN","AO-2","UI-1SD"
424,20233,NA,NA,"19/06/2018","16:45:00","CANAL DE GARAY","JOSÉ LÓPEZ PORTILLO","IZTAPALAPA",19.3050948748769,-99.07902782685,"HOMICIDIO CULPOSO POR TRÁNSITO VEHICULAR (COLISION)","DELITO DE BAJO IMPACTO","INVESTIGACIÓN EN IZTAPALAPA","IZP-8","UI-3CD"
425,20259,NA,NA,"21/06/2018","13:00:00","JUVENTINO ROSAS","JUVENTINO ROSAS","IZTACALCO",19.3923700034154,-99.1128563195049,"HOMICIDIO CULPOSO POR TRÁNSITO VEHICULAR (COLISION)","DELITO DE BAJO IMPACTO","INVESTIGACIÓN EN VENUSTIANO CARRANZA","VC-3","UI-2CD"
426,20268,NA,NA,"22/06/2018","00:05:00","PERIFERICO","LOS ALPES","ALVARO OBREGON",19.3633113997282,-99.1914861971775,"HOMICIDIO CULPOSO POR TRÁNSITO VEHICULAR (COLISION)","DELITO DE BAJO IMPACTO","INVESTIGACIÓN EN MIGUEL HIDALGO","H2","UI-1SD"
427,20286,NA,NA,"22/06/2018","16:35:00","INSURGENTES SUR","MIGUEL HIDALGO 1A SECCIÓN","TLALPAN",19.2942753954717,-99.1818694422417,"HOMICIDIO CULPOSO POR TRÁNSITO VEHICULAR (ATROPELLADO)","DELITO DE BAJO IMPACTO","INVESTIGACIÓN EN COYOACÁN","COY-5","UI-3CD"
428,20319,NA,NA,"24/06/2018","03:30:00","GUSTAVO DIAZ ORDAZ","PRESIDENTES","ALVARO OBREGON",19.373527969727,-99.2246747779711,"HOMICIDIO CULPOSO POR TRÁNSITO VEHICULAR (COLISION)","DELITO DE BAJO IMPACTO","INVESTIGACIÓN EN MIGUEL HIDALGO","H2","UI-1SD"
429,20336,NA,NA,"25/06/2018","03:05:00","CANAL  RIO  CHURUBUSCO  ENTRE MURO  UNO  Y EJE CENTRAL","CENTRAL DE ABASTO","IZTAPALAPA",19.3703611999918,-99.0910300999254,"HOMICIDIO CULPOSO POR TRÁNSITO VEHICULAR (COLISION)","DELITO DE BAJO IMPACTO","INVESTIGACIÓN EN IZTAPALAPA","IZP-6","UI-2CD"
430,20338,NA,NA,"25/06/2018","07:50:00","CARRETERA MÉXICO TOLUCA, KILÓMETRO 30+400","LA PILA","CUAJIMALPA DE MORELOS",19.3069285997297,-99.3326289002904,"HOMICIDIO CULPOSO POR TRÁNSITO VEHICULAR (ATROPELLADO)","DELITO DE BAJO IMPACTO","INVESTIGACIÓN EN CUAJIMALPA","CJ-1","UI-1SD"
431,20363,NA,NA,"26/06/2018","22:00:00","CARRETERA XOCHIMILCO TULYEHUALCO","SANTA CRUZ ACALPIXCA - PUEBLO","XOCHIMILCO",19.2462828013625,-99.0785860384036,"HOMICIDIO CULPOSO POR TRÁNSITO VEHICULAR (ATROPELLADO)","DELITO DE BAJO IMPACTO","INVESTIGACIÓN EN XOCHIMILCO","XO-2","UI-1CD"
432,20383,NA,NA,"27/06/2018","21:20:00","AV CAMINO A SANTA TERESA","HÉROES DE PADIERNA","LA MAGDALENA CONTRERAS",19.3125132971661,-99.2209120002561,"HOMICIDIO CULPOSO POR TRÁNSITO VEHICULAR (ATROPELLADO)","DELITO DE BAJO IMPACTO","INVESTIGACIÓN EN MAGDALENA CONTRERAS","MC-2","UI-2CD"
433,20392,NA,NA,"28/06/2018","09:30:00","CONSTITUCION DE LA REPUBLICA","PROVIDENCIA","GUSTAVO A MADERO",19.480385661446,-99.0653009876142,"HOMICIDIO CULPOSO POR TRÁNSITO VEHICULAR (ATROPELLADO)","DELITO DE BAJO IMPACTO","INVESTIGACIÓN EN GUSTAVO A. MADERO","GAM-8","UI-1SD"
434,20396,NA,NA,"28/06/2018","13:30:00","PERIFERICO SUR CARRILES LATERALES","FUENTES DEL PEDREGAL","TLALPAN",19.3048793135754,-99.2032284235767,"HOMICIDIO CULPOSO POR TRÁNSITO VEHICULAR (ATROPELLADO)","DELITO DE BAJO IMPACTO","INVESTIGACIÓN EN TLALPAN","TLP-4","UI-3CD"
435,20419,NA,NA,"29/06/2018","08:35:00","AVENIDA DE LOS CIEN METROS","NUEVA INDUSTRIAL VALLEJO","GUSTAVO A MADERO",19.5026286757622,-99.1567556403486,"HOMICIDIO CULPOSO POR TRÁNSITO VEHICULAR (ATROPELLADO)","DELITO DE BAJO IMPACTO","INVESTIGACIÓN EN GUSTAVO A. MADERO","GAM-2","UI-1CD"
436,20454,NA,NA,"30/06/2018","18:48:00","ALTA TENSION  Y RIO BECERRA","AMPLIACION MOLINO DE ROSAS","ALVARO OBREGON",19.3742591063533,-99.2026890835756,"HOMICIDIO CULPOSO POR TRÁNSITO VEHICULAR (COLISION)","DELITO DE BAJO IMPACTO","INVESTIGACIÓN EN ÁLVARO OBREGÓN","AO-3","UI-2CD"
437,20543,NA,NA,"05/07/2018","14:19:00","ERMITA IZTAPALAPA","CITLALLI","IZTAPALAPA",19.3446289969354,-99.0261102635259,"HOMICIDIO CULPOSO POR TRÁNSITO VEHICULAR (ATROPELLADO)","DELITO DE BAJO IMPACTO","INVESTIGACIÓN EN IZTAPALAPA","IZP-9","UI-1SD"
438,20582,NA,NA,"07/07/2018","00:30:00","EJE 3","GRANJAS DE SAN ANTONIO","IZTAPALAPA",19.3633100889068,-99.1097908216668,"HOMICIDIO CULPOSO POR TRÁNSITO VEHICULAR (COLISION)","DELITO DE BAJO IMPACTO","INVESTIGACIÓN EN IZTAPALAPA","IZP-8","UI-2CD"
439,20623,NA,NA,"09/07/2018","17:00:00","TEYACA","2A. AMPLIACIÓN SANTIAGO ACAHUALTEPEC","IZTAPALAPA",19.3518099928818,-99.0141166811912,"HOMICIDIO CULPOSO POR TRÁNSITO VEHICULAR","DELITO DE BAJO IMPACTO","INVESTIGACIÓN EN IZTAPALAPA","IZP-9","UI-2SD"
440,20726,NA,NA,"15/07/2018","06:35:00","CALZADFA DE TLALPAN","EL CENTINELA","COYOACAN",19.3374718326599,-99.1422276465013,"HOMICIDIO CULPOSO POR TRÁNSITO VEHICULAR (COLISION)","DELITO DE BAJO IMPACTO","INVESTIGACIÓN EN COYOACÁN","COY-2","UI-2CD"
441,20735,NA,NA,"15/07/2018","16:00:00","LAGO COMO  Y  LAGO  TRASIMENO","LOS MANZANOS","MIGUEL HIDALGO",19.4475511031273,-99.1836020162204,"HOMICIDIO CULPOSO POR TRÁNSITO VEHICULAR (ATROPELLADO)","DELITO DE BAJO IMPACTO","INVESTIGACIÓN EN MIGUEL HIDALGO","H2","UI-1SD"
442,20767,NA,NA,"17/07/2018","19:00:00","CARRETERA PICACHO AJUSCO","SAN MIGUEL AJUSCO","TLALPAN",19.2322908236338,-99.1923543167844,"HOMICIDIO CULPOSO POR TRÁNSITO VEHICULAR (COLISION)","DELITO DE BAJO IMPACTO","INVESTIGACIÓN EN TLALPAN","TLP-2","UI-1CD"
443,20793,NA,NA,"19/07/2018","03:00:00","AVENIDA 11 Y CALLE SABADELL","GRANJAS DE SAN ANTONIO","IZTAPALAPA",19.3564289840462,-99.1084330131801,"HOMICIDIO CULPOSO POR TRÁNSITO VEHICULAR (CAIDA)","DELITO DE BAJO IMPACTO","INVESTIGACIÓN EN IZTAPALAPA","IZP-8","UI-2CD"
444,20815,NA,NA,"20/07/2018","06:50:00","SE RECIBE NOTIFICACION CASO MEDICO LEGAL PROCEDENTE DEL HOSPITAL DR. VICOTIRO DE LA FUENTE NARVAEZ.","MAGDALENA DE LAS SALINAS","GUSTAVO A MADERO",19.4842924958565,-99.1366982996438,"HOMICIDIO CULPOSO POR TRÁNSITO VEHICULAR (COLISION)","DELITO DE BAJO IMPACTO","INVESTIGACIÓN EN GUSTAVO A. MADERO","GAM-3","UI-1SD"
445,20818,NA,NA,"20/07/2018","09:30:00","MOTAÑA ROCAYOSA","LOMAS DE CHAPULTEPEC I SECCIÓN","MIGUEL HIDALGO",19.4121748477569,-99.227004501638,"HOMICIDIO CULPOSO POR TRÁNSITO VEHICULAR (ATROPELLADO)","DELITO DE BAJO IMPACTO","INVESTIGACIÓN EN MIGUEL HIDALGO","H2","UI-1SD"
446,21116,NA,NA,"02/08/2018","18:35:00","LITOGRAFIA","20 DE NOVIEMBRE","VENUSTIANO CARRANZA",19.4443305728453,-99.1092951076161,"HOMICIDIO CULPOSO POR TRÁNSITO VEHICULAR (COLISION)","DELITO DE BAJO IMPACTO","INVESTIGACIÓN EN VENUSTIANO CARRANZA","VC-3","UI-2CD"
447,21137,NA,NA,"03/08/2018","15:45:00","SIERRA  NEVADA","LOMAS DE CHAPULTEPEC I SECCIÓN","MIGUEL HIDALGO",19.424947339434,-99.2131175347471,"HOMICIDIO CULPOSO POR TRÁNSITO VEHICULAR (COLISION)","DELITO DE BAJO IMPACTO","INVESTIGACIÓN EN MIGUEL HIDALGO","MH-3","UI-1SD"
448,21152,NA,NA,"04/08/2018","07:00:00","AUTOPISTA MEXICO TOLUCA","CRUZ BLANCA","CUAJIMALPA DE MORELOS",19.3197631996911,-99.3263881001256,"HOMICIDIO CULPOSO POR TRÁNSITO VEHICULAR (ATROPELLADO)","DELITO DE BAJO IMPACTO","INVESTIGACIÓN EN CUAJIMALPA","CJ-1","UI-1SD"
449,21185,NA,NA,"05/08/2018","09:47:00","13 Y14","GUADALUPE PROLETARIA","GUSTAVO A MADERO",19.5230020372052,-99.1573451840736,"HOMICIDIO CULPOSO POR TRÁNSITO VEHICULAR (ATROPELLADO)","DELITO DE BAJO IMPACTO","INVESTIGACIÓN EN GUSTAVO A. MADERO","GAM-3","UI-2SD"
450,21234,NA,NA,"07/08/2018","22:20:00","SUR 103,CECILIO ROBELO","EL PARQUE","VENUSTIANO CARRANZA",19.4250555330631,-99.1161201550599,"HOMICIDIO CULPOSO POR TRÁNSITO VEHICULAR (ATROPELLADO)","DELITO DE BAJO IMPACTO","INVESTIGACIÓN EN VENUSTIANO CARRANZA","VC-3","UI-1CD"
451,21275,NA,NA,"09/08/2018","20:39:59","PROLONGACION 5 DE MAYO  S/N","LA MARTINICA II","ALVARO OBREGON",19.3589220185611,-99.2192055738089,"HOMICIDIO CULPOSO POR TRÁNSITO VEHICULAR (ATROPELLADO)","DELITO DE BAJO IMPACTO","INVESTIGACIÓN EN ÁLVARO OBREGÓN","AO-2","UI-3SD"
452,21324,NA,NA,"11/08/2018","16:20:00","CALZADA DE LOS MISTERIOS","INDUSTRIAL","GUSTAVO A MADERO",19.4716082894424,-99.1238074684805,"HOMICIDIO CULPOSO POR TRÁNSITO VEHICULAR (ATROPELLADO)","DELITO DE BAJO IMPACTO","INVESTIGACIÓN EN GUSTAVO A. MADERO","GAM-6","UI-2CD"
453,21399,NA,NA,"15/08/2018","01:59:00","CALZADA DE LAS BOMBAS 117","LOS GIRASOLES","COYOACAN",19.3088722020621,-99.1293000001561,"HOMICIDIO CULPOSO POR TRÁNSITO VEHICULAR (CAIDA)","DELITO DE BAJO IMPACTO","INVESTIGACIÓN EN COYOACÁN","COY-5","UI-3CD"
454,21418,NA,NA,"16/08/2018","06:40:00","FRAY SERVANDO TERESA DE MIER","JARDÍN BALBUENA","VENUSTIANO CARRANZA",19.4200478293988,-99.1129932765773,"HOMICIDIO CULPOSO POR TRÁNSITO VEHICULAR (COLISION)","DELITO DE BAJO IMPACTO","INVESTIGACIÓN EN VENUSTIANO CARRANZA","VC-3","UI-1SD"
455,21427,NA,NA,"16/08/2018","19:25:00","PERIFERICO CON DIRECCION AL NORTE","SANTA MARIA NONOALCO","BENITO JUAREZ",19.3807409752303,-99.1916008574382,"HOMICIDIO CULPOSO POR TRÁNSITO VEHICULAR (COLISION)","DELITO DE BAJO IMPACTO","INVESTIGACIÓN EN BENITO JUÁREZ","BJ-1","UI-1SD"
456,21458,NA,NA,"18/08/2018","04:12:00","CANAL DE RIO CHURUBUSCO","EL RODEO","IZTACALCO",19.3913102961476,-99.0880811707934,"HOMICIDIO CULPOSO POR TRÁNSITO VEHICULAR (ATROPELLADO)","DELITO DE BAJO IMPACTO","INVESTIGACIÓN EN IZTACALCO","IZC-2","UI-3SD"
457,21473,NA,NA,"19/08/2018","03:30:00","AV. SAN LORENZO","EL MOLINO","IZTAPALAPA",19.3553901960173,-99.0882131998771,"HOMICIDIO CULPOSO POR TRÁNSITO VEHICULAR (ATROPELLADO)","DELITO DE BAJO IMPACTO","INVESTIGACIÓN EN IZTAPALAPA","IZP-4","UI-3SD"
458,21515,NA,NA,"20/08/2018","16:54:00","CIRCUITO INTERIOR","PERALVILLO","CUAUHTEMOC",19.4648657658422,-99.134242422154,"HOMICIDIO CULPOSO POR TRÁNSITO VEHICULAR (COLISION)","DELITO DE BAJO IMPACTO","INVESTIGACIÓN EN CUAUHTEMOC","CUH-2","UI-2CD"
459,21622,NA,NA,"25/08/2018","10:25:00","AV. DIAZ ORDAZ","2A AMPLIACIÓN JALALPA TEPITO","ALVARO OBREGON",19.3724877418294,-99.2377589755527,"HOMICIDIO CULPOSO POR TRÁNSITO VEHICULAR (COLISION)","DELITO DE BAJO IMPACTO","INVESTIGACIÓN EN CUAUHTEMOC","CUH-7","UI-1SD"
460,21776,NA,NA,"31/08/2018","22:50:00","CARRILES CENTRALES DE PERIFERICO A LA ALTURA DEL CENTRO COMERCIAL COSTCO","JOSÉ MARIA PINO SUÁREZ","ALVARO OBREGON",19.3994404818239,-99.1941211956884,"HOMICIDIO CULPOSO POR TRÁNSITO VEHICULAR (ATROPELLADO)","DELITO DE BAJO IMPACTO","INVESTIGACIÓN EN ÁLVARO OBREGÓN","AO-1","UI-1SD"
461,21857,NA,NA,"03/09/2018","23:02:59","AVENIDA TELECOMUNICACIONES","UNIDAD EJÉRCITO CONSTITUCIONALISTA","IZTAPALAPA",19.3820703044888,-99.0506466310568,"HOMICIDIO CULPOSO POR TRÁNSITO VEHICULAR (COLISION)","DELITO DE BAJO IMPACTO","INVESTIGACIÓN EN IZTAPALAPA","IZP-6","UI-1CD"
462,21896,NA,NA,"06/09/2018","00:04:00","AV. INSURGENTES NORTE","LINDAVISTA","GUSTAVO A MADERO",19.48740466892,-99.1244904389598,"HOMICIDIO CULPOSO POR TRÁNSITO VEHICULAR (COLISION)","DELITO DE BAJO IMPACTO","INVESTIGACIÓN EN MIGUEL HIDALGO","H2","UI-1SD"
463,21938,NA,NA,"07/09/2018","19:43:00","AV. PERIFERICO (DIRECCION ORIENTE A PONIENTE)","INFONAVIT CAMINO SAN JUAN DE ARAGON","GUSTAVO A MADERO",19.4729007003488,-99.0825162998177,"HOMICIDIO CULPOSO POR TRÁNSITO VEHICULAR (COLISION)","DELITO DE BAJO IMPACTO","INVESTIGACIÓN EN GUSTAVO A. MADERO","GAM-2","UI-2CD"
464,21948,NA,NA,"08/09/2018","03:35:00","AVENIDA PERIFERICO SUR","GUADALUPE TLALPAN","TLALPAN",19.2858419973419,-99.147311718914,"HOMICIDIO CULPOSO POR TRÁNSITO VEHICULAR (COLISION)","DELITO DE BAJO IMPACTO","INVESTIGACIÓN EN TLALPAN","TLP-3","UI-2CD"
465,21959,NA,NA,"08/09/2018","09:00:00","AV. PERIFERICO","BARRIO 18","XOCHIMILCO",19.2805694408295,-99.1116094908174,"HOMICIDIO CULPOSO POR TRÁNSITO VEHICULAR (ATROPELLADO)","DELITO DE BAJO IMPACTO","INVESTIGACIÓN EN XOCHIMILCO","XO-2","UI-3CD"
466,22014,NA,NA,"11/09/2018","07:30:00","","MOCTEZUMA 1A SECCIÓN","VENUSTIANO CARRANZA",19.4286122019875,-99.1052618001858,"HOMICIDIO CULPOSO POR TRÁNSITO VEHICULAR (COLISION)","DELITO DE BAJO IMPACTO","INVESTIGACIÓN EN VENUSTIANO CARRANZA","VC-3","UI-3CD"
467,22026,NA,NA,"12/09/2018","00:40:59","PASEO DE LA REFORMA","LOMAS DE CHAPULTEPEC I SECCIÓN","MIGUEL HIDALGO",19.4141825653052,-99.2194517891234,"HOMICIDIO CULPOSO POR TRÁNSITO VEHICULAR (ATROPELLADO)","DELITO DE BAJO IMPACTO","INVESTIGACIÓN EN MIGUEL HIDALGO","MH-4","UI-3SD"
468,22092,NA,NA,"14/09/2018","18:28:00","AVENIDA CHAPULTEPEC","ROMA NORTE","CUAUHTEMOC",19.4221415339376,-99.1649590111594,"HOMICIDIO CULPOSO POR TRÁNSITO VEHICULAR (COLISION)","DELITO DE BAJO IMPACTO","INVESTIGACIÓN EN CUAUHTEMOC","CUH-7","UI-2SD"
469,22167,NA,NA,"18/09/2018","21:52:00","ZARCO","GUERRERO","CUAUHTEMOC",19.4449569571843,-99.1451667255558,"HOMICIDIO CULPOSO POR TRÁNSITO VEHICULAR (ATROPELLADO)","DELITO DE BAJO IMPACTO","INVESTIGACIÓN EN AGENCIAS DE ATENCIÓN ESPECIALIZADAS","STCMP","UI-1CD"
470,22171,NA,NA,"19/09/2018","07:00:00","RIO MAGDALENA","PROGRESO TIZAPAN","ALVARO OBREGON",19.3369752563418,-99.1983902289443,"HOMICIDIO CULPOSO POR TRÁNSITO VEHICULAR","DELITO DE BAJO IMPACTO","INVESTIGACIÓN EN ÁLVARO OBREGÓN","AO-3","UI-1CD"
471,22191,NA,NA,"19/09/2018","20:05:00","ESTAÑO","MAZA","CUAUHTEMOC",19.4557564358118,-99.1284534600224,"HOMICIDIO CULPOSO POR TRÁNSITO VEHICULAR (ATROPELLADO)","DELITO DE BAJO IMPACTO","INVESTIGACIÓN EN CUAUHTEMOC","CUH-1","UI-1SD"
472,22225,NA,NA,"21/09/2018","14:45:00","SUR 103","EL PARQUE","VENUSTIANO CARRANZA",19.4250555330631,-99.1161201550599,"HOMICIDIO CULPOSO POR TRÁNSITO VEHICULAR (COLISION)","DELITO DE BAJO IMPACTO","INVESTIGACIÓN EN VENUSTIANO CARRANZA","VC-3","UI-1CD"
473,22235,NA,NA,"21/09/2018","23:45:00","AVENIDA MEXICO 68","CUAJIMALPA","CUAJIMALPA DE MORELOS",19.3567569001734,-99.3003075301485,"HOMICIDIO CULPOSO POR TRÁNSITO VEHICULAR (ATROPELLADO)","DELITO DE BAJO IMPACTO","INVESTIGACIÓN EN CUAJIMALPA","CJ-1","UI-1SD"
474,22236,NA,NA,"22/09/2018","02:20:00","BELISARIO DOMINGUEZ","SANTIAGO TULYEHUALCO - PUEBLO","XOCHIMILCO",19.253805476255,-99.0129884310308,"HOMICIDIO CULPOSO POR TRÁNSITO VEHICULAR (CAIDA)","DELITO DE BAJO IMPACTO","INVESTIGACIÓN EN XOCHIMILCO","XO-2","UI-1CD"
475,22271,NA,NA,"23/09/2018","06:00:00","INSURGENTES NORTE","SAN SIMÓN TOLNAHUAC","CUAUHTEMOC",19.4587605750437,-99.1471960439552,"HOMICIDIO CULPOSO POR TRÁNSITO VEHICULAR (COLISION)","DELITO DE BAJO IMPACTO","INVESTIGACIÓN EN GUSTAVO A. MADERO","GAM-3","UI-2SD"
476,22423,NA,NA,"29/09/2018","08:59:00","AV. DE LAS TORRES","MIGUEL HIDALGO 2A SECCIÓN","TLALPAN",19.2842933716445,-99.1953174882094,"HOMICIDIO CULPOSO POR TRÁNSITO VEHICULAR (CAIDA)","DELITO DE BAJO IMPACTO","INVESTIGACIÓN EN TLALPAN","TLP-2","UI-3CD"
477,22565,NA,NA,"05/10/2018","20:05:00","DR LUCIO","DOCTORES","CUAUHTEMOC",19.4149463428051,-99.1529029029589,"HOMICIDIO CULPOSO POR TRÁNSITO VEHICULAR (ATROPELLADO)","DELITO DE BAJO IMPACTO","INVESTIGACIÓN EN MIGUEL HIDALGO","H1","UI-1SD"
478,22580,NA,NA,"06/10/2018","05:00:00","AVENIDA UNIVERSIDAD","DEL CARMEN","COYOACAN",19.3537816346445,-99.1635583391775,"HOMICIDIO CULPOSO POR TRÁNSITO VEHICULAR (ATROPELLADO)","DELITO DE BAJO IMPACTO","INVESTIGACIÓN EN COYOACÁN","COY-2","UI-3CD"
479,22662,NA,NA,"09/10/2018","22:00:00","CAMINO REAL A ZAPOTITLAN","SAN MIGUEL ZAPOTITLA","TLAHUAC",19.3098814190104,-99.0342041183296,"HOMICIDIO CULPOSO POR TRÁNSITO VEHICULAR (COLISION)","DELITO DE BAJO IMPACTO","INVESTIGACIÓN EN TLAHUAC","TLH-1","UI-1SD"
480,22663,NA,NA,"09/10/2018","22:30:00","RIO PAPALOAPAN ESQUINA TENANGO","BARRANCA SECA","LA MAGDALENA CONTRERAS",19.3048696859728,-99.2414083133682,"HOMICIDIO CULPOSO POR TRÁNSITO VEHICULAR (COLISION)","DELITO DE BAJO IMPACTO","INVESTIGACIÓN EN MAGDALENA CONTRERAS","MC-1","UI-1SD"
481,22664,NA,NA,"09/10/2018","23:20:00","CALZADA DE TLALPAN","XOTEPINGO","COYOACAN",19.3296370526874,-99.140110956501,"HOMICIDIO CULPOSO POR TRÁNSITO VEHICULAR (ATROPELLADO)","DELITO DE BAJO IMPACTO","INVESTIGACIÓN EN COYOACÁN","COY-3","UI-1CD"
482,22710,NA,NA,"12/10/2018","01:13:00","CALZADA IGNACIO ZARAGAOZA","EL PARAÍSO","IZTAPALAPA",19.3807725915277,-99.02873592322,"HOMICIDIO CULPOSO POR TRÁNSITO VEHICULAR","DELITO DE BAJO IMPACTO","INVESTIGACIÓN EN IZTAPALAPA","IZP-6","UI-1CD"
483,22711,NA,NA,"12/10/2018","04:00:00","CAMINO REAL  CASI  MANUEL NEGRETE","SAN MIGUEL ZAPOTITLA","TLAHUAC",19.3042537725293,-99.0367406664969,"HOMICIDIO CULPOSO POR TRÁNSITO VEHICULAR (ATROPELLADO)","DELITO DE BAJO IMPACTO","INVESTIGACIÓN EN TLAHUAC","TLH-1","UI-1SD"
484,22740,NA,NA,"13/10/2018","02:35:00","CARRETERA XOCHIMILCO OAXTEPEC KILOMETRO 18+500 CON DIRECCIÓN A OAXTEPEC","PANCHIMALCO (SAN PEDRO ATOCPAN)","MILPA ALTA",19.2008779838798,-99.0450294354106,"HOMICIDIO CULPOSO POR TRÁNSITO VEHICULAR (ATROPELLADO)","DELITO DE BAJO IMPACTO","INVESTIGACIÓN EN MILPA ALTA","MIL-1","UI-1CD"
485,22764,NA,NA,"14/10/2018","04:00:00","JUVENTINO ROSAS","PERALVILLO","CUAUHTEMOC",19.4589922997872,-99.1336577335398,"HOMICIDIO CULPOSO POR TRÁNSITO VEHICULAR (COLISION)","DELITO DE BAJO IMPACTO","INVESTIGACIÓN EN CUAUHTEMOC","CUH-1","UI-2SD"
486,22911,NA,NA,"20/10/2018","01:20:00","EJE FORTUNA","MAGDALENA DE LAS SALINAS","GUSTAVO A MADERO",19.4837499873178,-99.1330903694906,"HOMICIDIO CULPOSO POR TRÁNSITO VEHICULAR (COLISION)","DELITO DE BAJO IMPACTO","INVESTIGACIÓN EN GUSTAVO A. MADERO","GAM-3","UI-2SD"
487,22924,NA,NA,"20/10/2018","11:30:00","CECLIO ROBELO Y SUR 103","EL PARQUE","VENUSTIANO CARRANZA",19.4250571359459,-99.1161150114059,"HOMICIDIO CULPOSO POR TRÁNSITO VEHICULAR","DELITO DE BAJO IMPACTO","INVESTIGACIÓN EN VENUSTIANO CARRANZA","VC-3","UI-3CD"
488,23002,NA,NA,"23/10/2018","23:50:00","LATERAL SUR DE VIAUDUCTO","VIADUCTO PIEDAD","IZTACALCO",19.4030470095503,-99.1347714259932,"HOMICIDIO CULPOSO POR TRÁNSITO VEHICULAR (ATROPELLADO)","DELITO DE BAJO IMPACTO","INVESTIGACIÓN EN BENITO JUÁREZ","BJ-2","UI-3CD"
489,23015,NA,NA,"24/10/2018","15:15:00","JOSE MARIA IGLESIAS","TABACALERA","CUAUHTEMOC",19.4385785856916,-99.1549754362486,"HOMICIDIO CULPOSO POR TRÁNSITO VEHICULAR (COLISION)","DELITO DE BAJO IMPACTO","INVESTIGACIÓN EN CUAUHTEMOC","CUH-5","UI-1SD"
490,23086,NA,NA,"27/10/2018","07:30:00","PERIFERICO","ARENAL 4A SECCIÓN","VENUSTIANO CARRANZA",19.4316251175977,-99.059729232075,"HOMICIDIO CULPOSO POR TRÁNSITO VEHICULAR (COLISION)","DELITO DE BAJO IMPACTO","INVESTIGACIÓN EN VENUSTIANO CARRANZA","VC-5","UI-1SD"
491,23105,NA,NA,"28/10/2018","05:00:00","CARR. MEXICO-TOLUCA","LOMAS DE SANTA FE","ALVARO OBREGON",19.3870900993608,-99.2407996002986,"HOMICIDIO CULPOSO POR TRÁNSITO VEHICULAR (COLISION)","DELITO DE BAJO IMPACTO","INVESTIGACIÓN EN ÁLVARO OBREGÓN","AO-2","UI-1SD"
492,23116,NA,NA,"28/10/2018","17:39:00","EJE CINCO ORIENTE","CHINAMPAC DE JUÁREZ","IZTAPALAPA",19.3858368877019,-99.0602336332932,"HOMICIDIO CULPOSO POR TRÁNSITO VEHICULAR (CAIDA)","DELITO DE BAJO IMPACTO","INVESTIGACIÓN EN IZTAPALAPA","IZP-5","UI-2SD"
493,23133,NA,NA,"29/10/2018","16:33:00","AV. CENTENARIO","LOMAS DE PLATEROS","ALVARO OBREGON",19.3663566703913,-99.2031322051705,"HOMICIDIO CULPOSO POR TRÁNSITO VEHICULAR (ATROPELLADO)","DELITO DE BAJO IMPACTO","INVESTIGACIÓN EN ÁLVARO OBREGÓN","AO-3","UI-3CD"
494,23271,NA,NA,"05/11/2018","01:00:00","CARERRETERA MEXICO PUEBLA (LA COL. CAMPESTRE POTRERO NO ESTA MARCADA)","EMILIANO ZAPATA","IZTAPALAPA",19.3301777246774,-98.9661304727349,"HOMICIDIO CULPOSO POR TRÁNSITO VEHICULAR (COLISION)","DELITO DE BAJO IMPACTO","INVESTIGACIÓN EN IZTAPALAPA","IZP-9","UI-3SD"
495,23306,NA,NA,"06/11/2018","11:30:00","AVENIDA ERMITA IZTAPALAPA","SANTA MARIA AZTAHUACAN","IZTAPALAPA",19.3450189994511,-99.023414136891,"HOMICIDIO CULPOSO POR TRÁNSITO VEHICULAR (COLISION)","DELITO DE BAJO IMPACTO","INVESTIGACIÓN EN IZTAPALAPA","IZP-9","UI-2SD"
496,23367,NA,NA,"09/11/2018","09:53:59","ERMITA IZTAPALAPA","CITLALLI","IZTAPALAPA",19.3449572245569,-99.0229533303498,"HOMICIDIO CULPOSO POR TRÁNSITO VEHICULAR","DELITO DE BAJO IMPACTO","INVESTIGACIÓN EN IZTAPALAPA","IZP-9","UI-2SD"
497,23382,NA,NA,"09/11/2018","23:35:00","AV. REVOLUCION","SAN JOSÉ INSURGENTES","BENITO JUAREZ",19.3656697875923,-99.1887697049347,"HOMICIDIO CULPOSO POR TRÁNSITO VEHICULAR (ATROPELLADO)","DELITO DE BAJO IMPACTO","INVESTIGACIÓN EN BENITO JUÁREZ","BJ-1","UI-1SD"
498,23441,NA,NA,"12/11/2018","08:30:00","AVENIDA HANGARES","AEROPUERTO INTERNACIONAL BENITO JUÁREZ","VENUSTIANO CARRANZA",19.4243440879578,-99.0882861524009,"HOMICIDIO CULPOSO POR TRÁNSITO VEHICULAR (COLISION)","DELITO DE BAJO IMPACTO","INVESTIGACIÓN EN GUSTAVO A. MADERO","GAM-3","UI-2SD"
499,23536,NA,NA,"16/11/2018","18:40:00","CALZADA IGNACIO ZARAGOZA","GENERAL IGNACIO ZARAGOZA","VENUSTIANO CARRANZA",19.4136197824245,-99.0862549044935,"HOMICIDIO CULPOSO POR TRÁNSITO VEHICULAR (ATROPELLADO)","DELITO DE BAJO IMPACTO","INVESTIGACIÓN EN VENUSTIANO CARRANZA","VC-5","UI-1SD"
500,23544,NA,NA,"17/11/2018","01:40:00","AVENIDA TLAHUAC","SAN FRANCISCO TLALTENCO","TLAHUAC",19.2992153051951,-99.0173008863548,"HOMICIDIO CULPOSO POR TRÁNSITO VEHICULAR (CAIDA)","DELITO DE BAJO IMPACTO","INVESTIGACIÓN EN TLAHUAC","TLH-2","UI-3SD"
501,23584,NA,NA,"18/11/2018","19:00:00","EJE 3 OTE. (AV. ING. EDUARDO MOLINA)","7 DE JULIO","VENUSTIANO CARRANZA",19.4317320463116,-99.1148823015752,"HOMICIDIO CULPOSO POR TRÁNSITO VEHICULAR","DELITO DE BAJO IMPACTO","INVESTIGACIÓN EN VENUSTIANO CARRANZA","VC-1","UI-1SD"
502,23614,NA,NA,"20/11/2018","15:00:00","EJE 10 SUR","SANTA ANA PONIENTE","TLAHUAC",19.2996164171843,-99.0435270146598,"HOMICIDIO CULPOSO POR TRÁNSITO VEHICULAR (COLISION)","DELITO DE BAJO IMPACTO","INVESTIGACIÓN EN TLAHUAC","TLH-1","UI-1CD"
503,23693,NA,NA,"23/11/2018","19:30:00","CARRETERA FEDERAL LIBRE MEXICO TOLUCA","LA PILA","CUAJIMALPA DE MORELOS",19.3069285997297,-99.3326289002904,"HOMICIDIO CULPOSO POR TRÁNSITO VEHICULAR (ATROPELLADO)","DELITO DE BAJO IMPACTO","INVESTIGACIÓN EN CUAJIMALPA","CJ-1","UI-1SD"
504,23720,NA,NA,"24/11/2018","16:15:00","CALLE Y CALLE 67","PRECONCRETO","ALVARO OBREGON",19.3739762257158,-99.2115941918815,"HOMICIDIO CULPOSO POR TRÁNSITO VEHICULAR (COLISION)","DELITO DE BAJO IMPACTO","INVESTIGACIÓN EN ÁLVARO OBREGÓN","AO-2","UI-2SD"
505,23735,NA,NA,"25/11/2018","12:00:00","KILOMETRO 43 DE LA CARRETERA FEDERAL MEXICO CUERNAVACA","PARRES EL GUARDA","TLALPAN",19.1331889734798,-99.1695074460711,"HOMICIDIO CULPOSO POR TRÁNSITO VEHICULAR (COLISION)","DELITO DE BAJO IMPACTO","INVESTIGACIÓN EN TLALPAN","TLP-4","UI-3CD"
506,23774,NA,NA,"27/11/2018","06:18:00","AVENIDA FUERZA AEREA MEXICANA","FEDERAL","VENUSTIANO CARRANZA",19.4236769968638,-99.087457602145,"HOMICIDIO CULPOSO POR TRÁNSITO VEHICULAR (ATROPELLADO)","DELITO DE BAJO IMPACTO","INVESTIGACIÓN EN AGENCIAS DE ATENCIÓN ESPECIALIZADAS","STCMP","UI-1CD"
507,23776,NA,NA,"27/11/2018","07:30:00","SAN RAFAEL ATLIXCO","BARRIO SAN MIGUEL","TLAHUAC",19.306943232812,-98.9671355000914,"HOMICIDIO CULPOSO POR TRÁNSITO VEHICULAR (COLISION)","DELITO DE BAJO IMPACTO","INVESTIGACIÓN EN TLAHUAC","TLH-1","UI-2CD"
508,23814,NA,NA,"29/11/2018","06:10:00","CALZADA  IGNACIO ZARAGOZA","JARDÍN BALBUENA","VENUSTIANO CARRANZA",19.4267931451677,-99.1091988705806,"HOMICIDIO CULPOSO POR TRÁNSITO VEHICULAR (ATROPELLADO)","DELITO DE BAJO IMPACTO","INVESTIGACIÓN EN VENUSTIANO CARRANZA","VC-3","UI-3CD"
509,23833,NA,NA,"30/11/2018","04:30:00","KILOMETRO 19+675 DE LA AUTOPISTA MEXICO PUEBLA","AMPLIACIÓN EMILIANO ZAPATA","IZTAPALAPA",19.3334557014068,-98.9811274996298,"HOMICIDIO CULPOSO POR TRÁNSITO VEHICULAR (ATROPELLADO)","DELITO DE BAJO IMPACTO","INVESTIGACIÓN EN IZTAPALAPA","IZP-9","UI-1SD"
510,23841,NA,NA,"30/11/2018","17:00:00","CALZADA DE TLALPAN","TORIELLO GUERRA","TLALPAN",19.2918513559132,-99.1600617371244,"HOMICIDIO CULPOSO POR TRÁNSITO VEHICULAR","DELITO DE BAJO IMPACTO","INVESTIGACIÓN EN TLALPAN","TLP-3","UI-2CD"
511,23849,NA,NA,"01/12/2018","00:10:00","AUTOPISTA MEXICO CUERNAVACA","SAN PEDRO MÁRTIR","TLALPAN",19.2657416297168,-99.165352981515,"HOMICIDIO CULPOSO POR TRÁNSITO VEHICULAR (ATROPELLADO)","DELITO DE BAJO IMPACTO","INVESTIGACIÓN EN TLALPAN","TLP-3","UI-2CD"
512,23855,NA,NA,"01/12/2018","07:20:00","CALZADA IGNACIO ZARAGOZA","AGRÍCOLA ORIENTAL","IZTACALCO",19.3930293962703,-99.0701573996622,"HOMICIDIO CULPOSO POR TRÁNSITO VEHICULAR (CAIDA)","DELITO DE BAJO IMPACTO","INVESTIGACIÓN EN IZTACALCO","IZC-2","UI-3SD"
513,23893,NA,NA,"02/12/2018","13:54:59","KILOMETRO 26+500 AUTOPISTA MEXICO TOLUCA","CRUZ BLANCA","CUAJIMALPA DE MORELOS",19.3199812055991,-99.3212614494376,"HOMICIDIO CULPOSO POR TRÁNSITO VEHICULAR (ATROPELLADO)","DELITO DE BAJO IMPACTO","INVESTIGACIÓN EN CUAJIMALPA","CJ-1","UI-1SD"
514,23898,NA,NA,"02/12/2018","16:45:00","608","SAN JUAN DE ARAGÓN IV SECCIÓN","GUSTAVO A MADERO",19.4603208303304,-99.0649577489844,"HOMICIDIO CULPOSO POR TRÁNSITO VEHICULAR (COLISION)","DELITO DE BAJO IMPACTO","INVESTIGACIÓN EN GUSTAVO A. MADERO","GAM-2","UI-1CD"
515,23958,NA,NA,"04/12/2018","18:10:00","ESTACION DEL METRO VIADUCTO","VIADUCTO PIEDAD","IZTACALCO",19.4008756898924,-99.1367531502191,"HOMICIDIO CULPOSO POR TRÁNSITO VEHICULAR (ATROPELLADO)","DELITO DE BAJO IMPACTO","INVESTIGACIÓN EN AGENCIAS DE ATENCIÓN ESPECIALIZADAS","STCMP","UI-3CD"
516,23961,NA,NA,"04/12/2018","19:30:00","CALZADA  IGNACIO ZARAGOZA  CARRIL  CENTRAL   DIRECCION AL ORIENTE","JARDÍN BALBUENA","VENUSTIANO CARRANZA",19.4157232548657,-99.1073018734307,"HOMICIDIO CULPOSO POR TRÁNSITO VEHICULAR (ATROPELLADO)","DELITO DE BAJO IMPACTO","INVESTIGACIÓN EN VENUSTIANO CARRANZA","VC-3","UI-1SD"
517,23977,NA,NA,"05/12/2018","12:35:00","CECILIO ROBELO","JARDÍN BALBUENA","VENUSTIANO CARRANZA",19.4231763046278,-99.1095520000347,"HOMICIDIO CULPOSO POR TRÁNSITO VEHICULAR","DELITO DE BAJO IMPACTO","INVESTIGACIÓN EN VENUSTIANO CARRANZA","VC-3","UI-1CD"
518,24016,NA,NA,"07/12/2018","09:32:00","LAGO GINEBRA","PENSIL SUR","MIGUEL HIDALGO",19.4453925694728,-99.1969296599219,"HOMICIDIO CULPOSO POR TRÁNSITO VEHICULAR","DELITO DE BAJO IMPACTO","INVESTIGACIÓN EN MIGUEL HIDALGO","MH-2","UI-1SD"
519,24019,NA,NA,"07/12/2018","10:00:00","GENERAL   ANAYA","ZONA CENTRO","VENUSTIANO CARRANZA",19.4278045943913,-99.1216790222676,"HOMICIDIO CULPOSO POR TRÁNSITO VEHICULAR","DELITO DE BAJO IMPACTO","INVESTIGACIÓN EN VENUSTIANO CARRANZA","VC-1","UI-1SD"
520,24028,NA,NA,"07/12/2018","14:30:00","CECILIO ROBELO SIN NUMERO","AERONÁUTICA MILITAR","VENUSTIANO CARRANZA",19.424850853987,-99.1145173825014,"HOMICIDIO CULPOSO POR TRÁNSITO VEHICULAR","DELITO DE BAJO IMPACTO","INVESTIGACIÓN EN VENUSTIANO CARRANZA","VC-3","UI-3CD"
521,24059,NA,NA,"08/12/2018","21:30:00","KILOMETRO 28+100 AUTOPISTA FEDERAL MÉXICO ENTRONQUE CONSTITUYENTES-LA MARQUEZA DIRECTO","LAS LAJAS","CUAJIMALPA DE MORELOS",19.3194787015984,-99.3319353998764,"HOMICIDIO CULPOSO POR TRÁNSITO VEHICULAR (ATROPELLADO)","DELITO DE BAJO IMPACTO","INVESTIGACIÓN EN CUAJIMALPA","CJ-1","UI-1SD"
522,24083,NA,NA,"09/12/2018","22:09:59","ERMITA IZTAPALA","CITLALLI","IZTAPALAPA",19.3449706510246,-99.0228335696126,"HOMICIDIO CULPOSO POR TRÁNSITO VEHICULAR (COLISION)","DELITO DE BAJO IMPACTO","INVESTIGACIÓN EN IZTAPALAPA","IZP-9","UI-2SD"
523,24133,NA,NA,"11/12/2018","22:30:00","FRANCISCO I MADERO","BARRIO SAN ANTONIO","XOCHIMILCO",19.2621071181055,-99.1064949604826,"HOMICIDIO CULPOSO POR TRÁNSITO VEHICULAR (COLISION)","DELITO DE BAJO IMPACTO","INVESTIGACIÓN EN XOCHIMILCO","XO-2","UI-1CD"
524,24153,NA,NA,"12/12/2018","20:47:00","CALZADA IGNACION ZARAGOZA","TEPALCATES","IZTAPALAPA",19.3950075330638,-99.0539211727436,"HOMICIDIO CULPOSO POR TRÁNSITO VEHICULAR (ATROPELLADO)","DELITO DE BAJO IMPACTO","INVESTIGACIÓN EN IZTAPALAPA","IZP-6","UI-2CD"
525,24157,NA,NA,"12/12/2018","22:17:59","TOMAS HAUYAMA","CABEZA DE JUAREZ VIII","IZTAPALAPA",19.3754412051281,-99.0508958430202,"HOMICIDIO CULPOSO POR TRÁNSITO VEHICULAR (ATROPELLADO)","DELITO DE BAJO IMPACTO","INVESTIGACIÓN EN IZTAPALAPA","IZP-5","UI-2SD"
526,24158,NA,NA,"12/12/2018","23:00:00","AV. CRUZ BLANCA","SAN MIGUEL TOPILEJO","TLALPAN",19.1999155302321,-99.1488056163652,"HOMICIDIO CULPOSO POR TRÁNSITO VEHICULAR (ATROPELLADO)","DELITO DE BAJO IMPACTO","INVESTIGACIÓN EN TLALPAN","TLP-3","UI-2CD"
527,24233,NA,NA,"15/12/2018","23:00:00","HEROES","GUERRERO","CUAUHTEMOC",19.4383331038969,-99.1475523996042,"HOMICIDIO CULPOSO POR TRÁNSITO VEHICULAR (ATROPELLADO)","DELITO DE BAJO IMPACTO","INVESTIGACIÓN EN CUAUHTEMOC","CUH-2","UI-2CD"
528,24337,NA,NA,"20/12/2018","12:20:00","CALZADA DE TLALPAN Y VICTOR HUGO","MODERNA","BENITO JUAREZ",19.3987872967028,-99.1368813997263,"HOMICIDIO CULPOSO POR TRÁNSITO VEHICULAR (ATROPELLADO)","DELITO DE BAJO IMPACTO","INVESTIGACIÓN EN CUAUHTEMOC","CUH-7","UI-1SD"
529,24361,NA,NA,"21/12/2018","10:00:00","AUTOPISTA MEXICO CUERNAVACA KILOMETRO 44+300","PARRES EL GUARDA","TLALPAN",19.1337588093354,-99.1688569607222,"HOMICIDIO CULPOSO POR TRÁNSITO VEHICULAR (COLISION)","DELITO DE BAJO IMPACTO","INVESTIGACIÓN EN TLALPAN","TLP-4","UI-2CD"
530,24385,NA,NA,"22/12/2018","06:40:00","CAMINO A SANTA FE","SANTA FE","ALVARO OBREGON",19.3853205152088,-99.2266640070692,"HOMICIDIO CULPOSO POR TRÁNSITO VEHICULAR (ATROPELLADO)","DELITO DE BAJO IMPACTO","INVESTIGACIÓN EN ÁLVARO OBREGÓN","AO-2","UI-3SD"
531,24433,NA,NA,"24/12/2018","18:00:00","CONSTITUYENTES   ESQUINA CON  GENERAL JOSE  MONTESIONOS daniel garza","DANIEL GARZA","MIGUEL HIDALGO",19.4088758971439,-99.1973133881421,"HOMICIDIO CULPOSO POR TRÁNSITO VEHICULAR (COLISION)","DELITO DE BAJO IMPACTO","INVESTIGACIÓN EN MIGUEL HIDALGO","H2","UI-1SD"
532,24504,NA,NA,"28/12/2018","22:50:00","AHORRO POSTAL","POSTAL","BENITO JUAREZ",19.388509864584,-99.14034974115,"HOMICIDIO CULPOSO POR TRÁNSITO VEHICULAR","DELITO DE BAJO IMPACTO","INVESTIGACIÓN EN CUAUHTEMOC","CUH-7","UI-3SD"
533,24544,NA,NA,"30/12/2018","16:35:00","CARRETERA FEDERAL MEXICO-CUERNAVACA","PARRES EL GUARDA","TLALPAN",19.134489851098,-99.1758333406502,"HOMICIDIO CULPOSO POR TRÁNSITO VEHICULAR (COLISION)","DELITO DE BAJO IMPACTO","INVESTIGACIÓN EN TLALPAN","TLP-4","UI-2CD"
