"id_global","id_PGJ","id_SSC","id_C5","fecha_incidente","hora_incidente","calle","colonia","alcaldia","lat","lon","no_folio_ssc","tipo_evento_ssc","tipo_interseccion","zona_ssc","cuadrante_ssc","sector_ssc","reporte_ssc","tipo_vehiculo_1","tipo_vehiculo_2","tipo_vehiculo_3","tipo_vehiculo_4","marca_vehiculo_1","marca_vehiculo_2","marca_vehiculo_3","marca_vehiculo_4","ruta_transporte_publico","matricula_1","matricula_2","matricula_3","matricula_4","condicion","lesiones","edad_occiso","edad_lesionado","total_occisos","total_lesionados","identidad","unidad_medica_de_apoyo","matricula_unidad_medica","lugar_del_deceso","trasladados_lesionado","hospital","observaciones_ssc","codigo_cierre_c5","incidente_c4","clas_con_f_alarma_c5","tipo_entrada_c5"
252,NA,9404,"AO/180822/03038","22/08/2018","09:14:00","AV INGENIEROS MILITARES","ARGENTINA PTE","MIGUEL HIDALGO",19.455882,-99.215492,"663351","ATROPELLADO","CRUZ",5,"SD","SOTELO","SOTELO","MICROBUS",NA,NA,NA,"SD",NA,NA,NA,"SD","TM3375",NA,NA,NA,"OCCISO","DECESO POR ATROPELLAMIENTO","25",NA,1,0,"PEATON","CRUZ ROJA/CCO","3","EN EL LUGAR DE LOS HECHOS",0,NA,NA,"(A) La unidad de atención a emergencias fue despachada, llegó al lugar de los hechos y confirmó la emergencia reportada","cadáver-atropellado","EMERGENCIA","BOTÓN DE AUXILIO"
253,NA,937,"BJ/180127/00959","27/01/2018","02:30:39","AV MUYUGUARDA","GRANJAS COAPA","TLALPAN",19.289632,-99.115545,"346838","DERRAPADO","RAMAS MULTIPLES",4,"SD","COAPA","COAPA","MOTOCICLETA",NA,NA,NA,"ITALIKA",NA,NA,NA,NA,"WS150",NA,NA,NA,"OCCISO","OCCISO POR TCE","SD",NA,1,0,"MOTOCICLISTA","CCO","21","EN EL LUGAR DE LOS HECHOS",0,NA,NA,"(A) La unidad de atención a emergencias fue despachada, llegó al lugar de los hechos y confirmó la emergencia reportada","cadáver-accidente automovilístico","EMERGENCIA","RADIO"
254,NA,7244,"BJ/180717/01105","17/07/2018","06:28:03","CARR PICACHO AJUSCO ","SAN NICOLAS","TLALPAN",19.266003,-99.228151,"595731","ATROPELLADO","CRUZ",4,"SD","TOPILEJO","TOPILEJO","AUTOMOVIL",NA,NA,NA,"LIBERTY",NA,NA,NA,"SD","SD",NA,NA,NA,"OCCISO","TCE","20",NA,1,0,"PEATON","ERUM/CCO","MX062G2","EN EL LUGAR DE LOS HECHOS",0,NA,NA,"(A) La unidad de atención a emergencias fue despachada, llegó al lugar de los hechos y confirmó la emergencia reportada","cadáver-atropellado","EMERGENCIA","BOTÓN DE AUXILIO"
255,NA,11594,"BJ/180929/09626","29/09/2018","20:07:28","FCO VILLA","MIGUEL HIDALGO 2A SECC","TLALPAN",19.284615,-99.195159,"731254","DERRAPADO","Y",4,"SD","POLICIA AUXILIAR","POLICIA AUXILIAR","MOTOCICLETA",NA,NA,NA,"HONDA",NA,NA,NA,NA,"2M5ZL",NA,NA,NA,"OCCISO","DECESO POR TRAUMATISMO SEVERO","32",NA,1,0,"MOTOCICLISTA","CCO","17","EN EL LUGAR DE LOS HECHOS",0,NA,NA,"(A) La unidad de atención a emergencias fue despachada, llegó al lugar de los hechos y confirmó la emergencia reportada","cadáver-accidente automovilístico","EMERGENCIA","RADIO"
256,NA,603,"C5/180118/08291","18/01/2018","23:39:40","ANILLO PERIFERICO","EL VERGEL","IZTAPALAPA",19.3151,-99.078515,"335514","ATROPELLADO","T",3,"O-1.4.9","ESTRELLA","ESTRELLA","AUTOMOVIL",NA,NA,NA,"SD",NA,NA,NA,NA,"SD",NA,NA,NA,"OCCISO","OCCISO A DETERMINAR ETIOLOGIA","35",NA,1,0,"PEATON","CCO","MX016G2","EN EL LUGAR DE LOS HECHOS",0,NA,NA,"(A) La unidad de atención a emergencias fue despachada, llegó al lugar de los hechos y confirmó la emergencia reportada","cadáver-atropellado","EMERGENCIA","LLAMADA DEL 911"
257,NA,941,"C5/180127/00492","27/01/2018","01:10:26","AV ANTONIO DELFIN MADRIGAL","STO DOMINGO","COYOACAN",19.31215,-99.170838,"346785","VOLCADURA","RECTA",4,"S-2.4.9","UNIVERSIDAD","UNIVERSIDAD","AUTOMOVIL",NA,NA,NA,"VW",NA,NA,NA,NA,"519YYH",NA,NA,NA,"OCCISO","OCCISO","SD",NA,1,0,"CONDUCTOR","CCO","14","EN EL LUGAR DE LOS HECHOS",0,NA,NA,"(A) La unidad de atención a emergencias fue despachada, llegó al lugar de los hechos y confirmó la emergencia reportada","cadáver-accidente automovilístico","EMERGENCIA","LLAMADA DEL 911"
258,NA,1046,"C5/180131/05316","31/01/2018","16:42:52","EJE 3 OTE","MAGDALENA MIXIHUCA","VENUSTIANO CARRANZA",19.407772,-99.113457,"352646","CHOQUE","RECTA",1,"N-4.3.8","MERCED BALBUENA","MERCED BALBUENA","AUTOMOVIL","CAMION DE CARGA",NA,NA,"FORD","CHEVROLET",NA,NA,NA,"736TFH","HJ4756",NA,NA,"OCCISO","TCE OCCISO A DESCARTAR ETIOLOGIA","40","39",1,1,"PASAJERO","CCO","8 MX033G2","EN EL LUGAR DE LOS HECHOS",1,"SD","SD","(A) La unidad de atención a emergencias fue despachada, llegó al lugar de los hechos y confirmó la emergencia reportada","cadáver-accidente automovilístico","EMERGENCIA","LLAMADA DEL 911"
259,NA,1238,"C5/180205/06602","05/02/2018","20:03:49","EJE 6 SUR","AREA FED SUBESTACION ELECTRICA","IZTAPALAPA",19.364306,-99.066471,"SD","CHOQUE","RECTA",3,"SD","ABASTO REFORMA","ABASTO REFORMA","AUTOBUS DE PASAJEROS","MOTOCICLETA",NA,NA,"SD","ITALIKA",NA,NA,"11","110366","2M1WW",NA,NA,"OCCISO","SIN SIGNOS VITALES POLITRAUMATIZADO","SD SD",NA,2,0,"PASAJERO","CCO","6","EN EL LUGAR DE LOS HECHOS",0,NA,NA,"(A) La unidad de atención a emergencias fue despachada, llegó al lugar de los hechos y confirmó la emergencia reportada","cadáver-atropellado","EMERGENCIA","LLAMADA DEL 911"
260,NA,1720,"C5/180220/01081","20/02/2018","07:11:00","AV INSURGENTES","RES ZACATENCO","GUSTAVO A MADERO",19.494654,-99.120134,"379473","ATROPELLADO","GAZA",1,"N-1.2.2","LINDAVISTA","LINDAVISTA","AUTOBUS DE PASAJEROS",NA,NA,NA,"MERCEDES BENZ",NA,NA,NA,"34","5389TL034",NA,NA,NA,"OCCISO","PROBABLE TCE","26",NA,1,0,"PEATON","CRUZ ROJA/CCO","41","EN EL LUGAR DE LOS HECHOS",0,NA,NA,"(A) La unidad de atención a emergencias fue despachada, llegó al lugar de los hechos y confirmó la emergencia reportada","cadáver-atropellado","EMERGENCIA","LLAMADA DEL 911"
261,NA,1828,"C5/180223/03207","23/02/2018","11:40:22","ANILLO PERIFERICO","SAN FELIPE DE JESUS","GUSTAVO A MADERO",19.501982,-99.073384,"SD","CHOQUE","CRUZ",1,"SD","PRADERA","PRADERA","CAMION DE CARGA","BICICLETA",NA,NA,"FORD","SD",NA,NA,NA,"KT06394",NA,NA,NA,"OCCISO","OCCISO","65",NA,1,0,"CICLISTA","CCO","SD","EN EL LUGAR DE LOS HECHOS",0,NA,"SD","(A) La unidad de atención a emergencias fue despachada, llegó al lugar de los hechos y confirmó la emergencia reportada","cadáver-atropellado","EMERGENCIA","LLAMADA DEL 911"
262,NA,1870,"C5/180224/10259","24/02/2018","23:09:13","CARR FED XOCHIMILCO OAXTEPEC","PUEBLO DE STA ANA TLACOTENCO","MILPA ALTA",19.177389,-99.011936,"386285","CHOQUE","T",3,"O-3.2.4","TECOMITL","TECOMITL","AUTOMOVIL","AUTOMOVIL","AUTOMOVIL",NA,"FORD","MITSUBISHI","RENAULT",NA,NA,"MSH3156","NBN2610","J05ALX",NA,"OCCISO","OCCISO","SD SD SD SD SD","19 15 50",5,3,"PASAJERO","CCO","9613","EN EL LUGAR DE LOS HECHOS",3,"SD",NA,"(A) La unidad de atención a emergencias fue despachada, llegó al lugar de los hechos y confirmó la emergencia reportada","cadáver-accidente automovilístico","EMERGENCIA","LLAMADA DEL 911"
263,NA,2269,"C5/180307/01126","07/03/2018","07:11:23","AV CEYLAN","INDUSTRIAL VALLEJO","GUSTAVO A MADERO",19.497504,-99.171586,"400305","CHOQUE","RECTA",1,"SD","LA RAZA","LA RAZA","MOTOCICLETA","CAMION DE CARGA",NA,NA,"ITALIKA","DINA",NA,NA,NA,"9W5JK","906AT7",NA,NA,"OCCISO","OCCISO","35",NA,1,0,"MOTOCICLISTA","CCO","19","EN EL LUGAR DE LOS HECHOS",0,NA,"SD","(A) La unidad de atención a emergencias fue despachada, llegó al lugar de los hechos y confirmó la emergencia reportada","cadáver-accidente automovilístico","EMERGENCIA","LLAMADA DEL 911"
264,NA,2881,"C5/180324/11900","24/03/2018","23:13:47","CIRCUITO BICENTENARIO","BRAMADERO RAMOS MILLAN ","IZTACALCO",19.391063,-99.099156,"424277","CHOQUE","T",1,"N-3.3.10","TLACOTAL","TLACOTAL","MOTOCICLETA","AUTOMOVIL",NA,NA,"YAMAHA","SD",NA,NA,NA,"SD","SD",NA,NA,"OCCISO","OCCISO SD","20","SD",1,1,"PASAJERO","CRUZ ROJA/CCO","43","EN EL HOSPITAL",2,"SD",NA,"(A) La unidad de atención a emergencias fue despachada, llegó al lugar de los hechos y confirmó la emergencia reportada","cadáver-accidente automovilístico","EMERGENCIA","LLAMADA DEL 911"
265,NA,3048,"C5/180329/09660","29/03/2018","22:44:14","EJE 8 SUR","JACARANDAS","IZTAPALAPA",19.342901,-99.056651,"431306","CHOQUE","T",3,"O-2.3.10","SANTA CRUZ","SANTA CRUZ","AUTOMOVIL","SD",NA,NA,"SD","SD",NA,NA,NA,"819ZRC","SD",NA,NA,"OCCISO","ETIOLOGIA A DETERMINAR","SD","SD",1,1,"PASAJERO","CCO","43","EN EL LUGAR DE LOS HECHOS",1,"SD",NA,"(A) La unidad de atención a emergencias fue despachada, llegó al lugar de los hechos y confirmó la emergencia reportada","cadáver-accidente automovilístico","EMERGENCIA","LLAMADA DEL 911"
266,NA,3062,"C5/180330/00156","30/03/2018","00:23:26","CIRCUITO BICENTENARIO","U MODELO","IZTAPALAPA",19.368885,-99.124476,"431399","CHOQUE","RECTA",3,"SD","CHURUBUSCO","CHURUBUSCO","AUTOMOVIL","SD",NA,NA,"VENTO","SD",NA,NA,NA,"MVD1274","SD",NA,NA,"OCCISO","OCCISO POR FX CRANEOENCEFALICA","35",NA,1,0,"CONDUCTOR","CCO","22","EN EL LUGAR DE LOS HECHOS",0,NA,NA,"(A) La unidad de atención a emergencias fue despachada, llegó al lugar de los hechos y confirmó la emergencia reportada","cadáver-accidente automovilístico","EMERGENCIA","LLAMADA DEL 911"
267,NA,3090,"C5/180331/01622","31/03/2018","07:15:09","AV TLAHUAC","LOS REYES CULHUACAN","IZTAPALAPA",19.348983,-99.10701,"432927","CHOQUE","CRUZ",3,"SD","GRANJAS","GRANJAS","AUTOMOVIL","AUTOMOVIL",NA,NA,"CHEVROLET","BORA",NA,NA,NA,"A1907H"," 915ZJK",NA,NA,"OCCISO","SD","SD SD SD","SD 22",3,2,"PASAJERO","CCO","01 50","EN EL LUGAR DE LOS HECHOS",2,"SD",NA,"(A) La unidad de atención a emergencias fue despachada, llegó al lugar de los hechos y confirmó la emergencia reportada","cadáver-accidente automovilístico","EMERGENCIA","LLAMADA DEL 911"
268,NA,3083,"C5/180331/09562","31/03/2018","22:22:58","ANILLO PERIFERICO","U H PEMEX PICACHO","TLALPAN",19.308101,-99.216508,"433874","ATROPELLADO","T",4,"S-3.6.1","PADIERNA","PADIERNA","AUTOMOVIL",NA,NA,NA,"BMW X4",NA,NA,NA,NA,"PZR5362",NA,NA,NA,"OCCISO","OCCISO","25",NA,1,0,"PEATON","CCO","21","EN EL LUGAR DE LOS HECHOS",0,NA,NA,"(A) La unidad de atención a emergencias fue despachada, llegó al lugar de los hechos y confirmó la emergencia reportada","cadáver-atropellado","EMERGENCIA","LLAMADA DEL 911"
269,NA,3684,"C5/180419/04713","19/04/2018","13:39:33","EJE 1 OTE","MARTIN CARRERA","GUSTAVO A MADERO",19.489976,-99.100745,"459625","ATROPELLADO","T",1,"SD","QUIROGA","QUIROGA","AUTOBUS DE PASAJEROS",NA,NA,NA,"MERCEDES BENZ",NA,NA,NA,NA,"617HX1",NA,NA,NA,"OCCISO","OCCISO","45",NA,1,0,"PEATON","CCO","MX061G2","EN EL LUGAR DE LOS HECHOS",0,NA,NA,"(A) La unidad de atención a emergencias fue despachada, llegó al lugar de los hechos y confirmó la emergencia reportada","cadáver-atropellado","EMERGENCIA","LLAMADA DEL 911"
270,NA,3724,"C5/180420/02551","20/04/2018","09:33:30","CALZ GRAL IGNACIO ZARAGOZA","U H EJERCITO CONSTITUCIONALISTA","IZTAPALAPA",19.391004,-99.046813,"460725","CHOQUE","T",3,"0-2.1.19","OASIS","OASIS","MOTOCICLETA","METROBUS",NA,NA,"PULSAR BAJAJ","VOLVO",NA,NA,NA,"4D8KP","338",NA,NA,"OCCISO","POLITRAUMATIZADO  ","17",NA,1,0,"PASAJERO","ERUM/CCO","024G2","EN EL LUGAR DE LOS HECHOS",0,NA,NA,"(A) La unidad de atención a emergencias fue despachada, llegó al lugar de los hechos y confirmó la emergencia reportada","cadáver-accidente automovilístico","EMERGENCIA","LLAMADA DEL 911"
271,NA,4334,"C5/180513/07594","13/05/2018","16:40:49","AV TEXCOCO ","CUCHILLA DEL TESORO","GUSTAVO A MADERO",19.45099,-99.054782,"494045","ATROPELLADO","CRUZ",1,"N-2.1.5","ARAGON","ARAGON","SD",NA,NA,NA,"SD",NA,NA,NA,NA,"SD",NA,NA,NA,"OCCISO","TCE SEVERO","14",NA,1,0,"PEATON","CCO","382","EN EL LUGAR DE LOS HECHOS",0,NA,NA,"(A) La unidad de atención a emergencias fue despachada, llegó al lugar de los hechos y confirmó la emergencia reportada","cadáver-atropellado","EMERGENCIA","LLAMADA DEL 911"
272,NA,4361,"C5/180514/01471","14/05/2018","06:22:18","AV SAN LORENZO","CERRO DE LA ESTRELLA","IZTAPALAPA",19.327999,-99.075123,"494569","ATROPELLADO","CRUZ",3,"0-25.5.3","TEZONCO","TEZONCO","SD",NA,NA,NA,"SD",NA,NA,NA,NA,"SD",NA,NA,NA,"OCCISO","OCCISO","30",NA,1,0,"PEATON","CCO","33","EN EL LUGAR DE LOS HECHOS",0,NA,NA,"(A) La unidad de atención a emergencias fue despachada, llegó al lugar de los hechos y confirmó la emergencia reportada","cadáver-atropellado","EMERGENCIA","LLAMADA DEL 911"
273,NA,4776,"C5/180526/11014","26/05/2018","21:28:13","CALZ TAXQUEÑA","CAMPESTRE CHURUBUSCO","COYOACAN",19.341257,-99.137512,"512032","ATROPELLADO","CRUZ",4,"SD","COYOACAN","COYOACAN","AUTOBUS DE PASAJEROS",NA,NA,NA,"INTERNATIONAL",NA,NA,NA,"56","5W0C183",NA,NA,NA,"OCCISO","TCE SEVERO ","SD",NA,1,0,"PEATON","CCO","MX059G2","EN EL LUGAR DE LOS HECHOS",0,NA,NA,"(A) La unidad de atención a emergencias fue despachada, llegó al lugar de los hechos y confirmó la emergencia reportada","cadáver-atropellado","EMERGENCIA","RADIO"
274,NA,4957,"C5/180531/00932","31/05/2018","03:41:10","EJE 1 NTE","AGRICOLA PANTITLAN","IZTACALCO",19.413863,-99.066999,"517747","ATROPELLADO","CRUZ",1,"N-3.2.2","PANTITLAN","PANTITLAN","SD",NA,NA,NA,"SD",NA,NA,NA,NA,"SD",NA,NA,NA,"OCCISO","OCCISO","43",NA,1,0,"PEATON","CCO","28","EN EL LUGAR DE LOS HECHOS",0,NA,NA,"(A) La unidad de atención a emergencias fue despachada, llegó al lugar de los hechos y confirmó la emergencia reportada","cadáver-atropellado","EMERGENCIA","LLAMADA DEL 911"
275,NA,5261,"C5/180608/03568","08/06/2018","11:10:39","FELIPE PEÑA PALACIOS","STA CECILIA","TLAHUAC",19.277224,-99.006036,"531078","CHOQUE","CRUZ",3,"SD","MIXQUIC","MIXQUIC","CAMION DE CARGA","MOTOCICLETA",NA,NA,"NP 300","WS 150",NA,NA,NA,"LB40565","3W3FA",NA,NA,"OCCISO","OCCISO","54",NA,1,0,"MOTOCICLISTA","CCO","2","EN EL LUGAR DE LOS HECHOS",0,NA,"SD","(A) La unidad de atención a emergencias fue despachada, llegó al lugar de los hechos y confirmó la emergencia reportada","cadáver-accidente automovilístico","EMERGENCIA","LLAMADA DEL 911"
276,NA,5403,"C5/180612/00614","12/06/2018","03:23:01","AV AQUILES SERDAN","PRADOS DEL ROSARIO","AZCAPOTZALCO",19.504855,-99.206912,"537369","CHOQUE","T",5,"P-2.3.3","HORMIGA","HORMIGA","AUTOMOVIL","AUTOMOVIL",NA,NA,"AUDI A4","VERSA",NA,NA,NA,"E46ATZ","J38ALM",NA,NA,"OCCISO","OCCISO","27",NA,1,0,"CONDUCTOR","CRUZ ROJA/CCO","37","EN EL LUGAR DE LOS HECHOS",0,NA,NA,"(A) La unidad de atención a emergencias fue despachada, llegó al lugar de los hechos y confirmó la emergencia reportada","cadáver-accidente automovilístico","EMERGENCIA","LLAMADA DEL 911"
277,NA,5395,"C5/180612/04332","12/06/2018","13:28:20","PRIV MARTIN ADRIAN","AGRICOLA PANTITLAN","IZTACALCO",19.406282,-99.063329,"538057","ATROPELLADO","T",1,"N-3.2.5","PANTITLAN","PANTITLAN","AUTOMOVIL",NA,NA,NA,"NISSAN",NA,NA,NA,NA,"NAM3949",NA,NA,NA,"OCCISO","OCCISO POR POLITRAUMATISMO","69",NA,1,0,"PEATON","CCO","MX021G2","EN EL LUGAR DE LOS HECHOS",0,NA,NA,"(A) La unidad de atención a emergencias fue despachada, llegó al lugar de los hechos y confirmó la emergencia reportada","cadáver-atropellado","EMERGENCIA","LLAMADA DEL 911"
278,NA,5532,"C5/180616/02023","16/06/2018","05:02:07","EJE 2 NTE","ATLAMPA","CUAUHTEMOC",19.457086,-99.149133,"544303","CHOQUE","CRUZ",2," C-2.5.3","TLATELOLCO","TLATELOLCO","AUTOMOVIL","OBJETO FIJO",NA,NA,"VOLKSWAGEN",NA,NA,NA,NA,"MMB 9896 ",NA,NA,NA,"OCCISO","OCCISO POR ETIOLOGIA A DETERMINAR","45",NA,1,0,"CONDUCTOR","CCO","807","EN EL LUGAR DE LOS HECHOS",0,NA,"SD","(A) La unidad de atención a emergencias fue despachada, llegó al lugar de los hechos y confirmó la emergencia reportada","cadáver-accidente automovilístico","EMERGENCIA","RADIO"
279,NA,6017,"C5/180625/00715","25/06/2018","03:07:20","EJE 4 OTE","SAN JOSE ACULCO","IZTAPALAPA",19.375033,-99.097827,"559645","CHOQUE","RAMAS MULTIPLES",3,"O-1.5.2","REFORMA","REFORMA","AUTOMOVIL","AUTOBUS DE PASAJEROS",NA,NA,"VW","DINA",NA,NA,"SD"," B28267","650153",NA,NA,"OCCISO","ETIOLOGIA A DETERMINAR","44","21",1,1,"PASAJERO","CCO","MX021G2","EN EL LUGAR DE LOS HECHOS",1,"SD",NA,"(A) La unidad de atención a emergencias fue despachada, llegó al lugar de los hechos y confirmó la emergencia reportada","cadáver-accidente automovilístico","EMERGENCIA","LLAMADA DEL 911"
280,NA,6173,"C5/180628/04346","28/06/2018","13:13:26","ANILLO PERIFERICO","U H PEMEX PICACHO","TLALPAN",19.307052,-99.214647,"565304","CHOQUE","T",4,"S-3.6.2","PADIERNA","PADIERNA","MOTOCICLETA","CAMION DE CARGA",NA,NA,"YAMAHA","MERCEDES BENZ",NA,NA,NA,"7E5UL","192",NA,NA,"OCCISO","OCCISO","27",NA,1,0,"MOTOCICLISTA","ERUM/CCO","MX003G2","EN EL LUGAR DE LOS HECHOS",0,NA,"SD","(A) La unidad de atención a emergencias fue despachada, llegó al lugar de los hechos y confirmó la emergencia reportada","cadáver-accidente automovilístico","EMERGENCIA","LLAMADA DEL 911"
281,NA,6198,"C5/180629/01235","29/06/2018","05:53:35","AV AQUILES SERDAN","CENTRO DE AZCAPOTZALCO","AZCAPOTZALCO",19.481065,-99.188467,"566553","ATROPELLADO","T",5," P-2.1.6 ","CLAVERIA","CLAVERIA","AUTOMOVIL",NA,NA,NA,"SD",NA,NA,NA,NA,"SD",NA,NA,NA,"OCCISO","SD","35",NA,1,0,"PEATON","CCO"," R56AMX ","EN EL LUGAR DE LOS HECHOS",0,NA,NA,"(A) La unidad de atención a emergencias fue despachada, llegó al lugar de los hechos y confirmó la emergencia reportada","cadáver-atropellado","EMERGENCIA","LLAMADA DEL 911"
282,NA,6200,"C5/180629/02147","29/06/2018","08:33:32","EJE CENTRAL","NUEVA INDUSTRIAL VALLEJO","GUSTAVO A MADERO",19.500188,-99.149469,"566525","ATROPELLADO","T",1,"1.3.8.","LINDAVISTA","LINDAVISTA","AUTOBUS DE PASAJEROS",NA,NA,NA,"MERCEDES BENZ",NA,NA,NA,"SD","8005",NA,NA,NA,"OCCISO","DECESO POR DESTROZO DE PELVIS","70",NA,1,0,"PEATON","CCO","3","EN EL LUGAR DE LOS HECHOS",0,NA,NA,"(A) La unidad de atención a emergencias fue despachada, llegó al lugar de los hechos y confirmó la emergencia reportada","cadáver-atropellado","EMERGENCIA","LLAMADA APP911"
283,NA,7120,"C5/180715/01201","15/07/2018","02:04:21","EJE 3 OTE","NUEVA ATZACOALCO","GUSTAVO A MADERO",19.497575,-99.08962,"592414","ATROPELLADO","CRUZ",1,"N-2.3.3","PRADERA","PRADERA","SD",NA,NA,NA,"SD",NA,NA,NA,NA,"SD",NA,NA,NA,"OCCISO","OCCISO POLITRAUMATIZADA","SD",NA,1,0,"PEATON","CCO","376","EN EL LUGAR DE LOS HECHOS",0,NA,NA,"(A) La unidad de atención a emergencias fue despachada, llegó al lugar de los hechos y confirmó la emergencia reportada","cadáver-accidente automovilístico","EMERGENCIA","LLAMADA DEL 911"
284,NA,7123,"C5/180715/02693","15/07/2018","05:50:30","EJE 5 OTE","AGRICOLA ORIENTAL","IZTACALCO",19.392292,-99.073837,"592551","ATROPELLADO","CRUZ",1,"N-3.2.14","PANTITLAN","PANTITLAN","SD",NA,NA,NA,"SD",NA,NA,NA,NA,"SD",NA,NA,NA,"OCCISO","OCCISO","80",NA,1,0,"PEATON","ERUM/CCO","MX050G2","EN EL LUGAR DE LOS HECHOS",0,NA,NA,"(A) La unidad de atención a emergencias fue despachada, llegó al lugar de los hechos y confirmó la emergencia reportada","cadáver-atropellado","EMERGENCIA","LLAMADA DEL 911"
285,NA,7170,"C5/180715/08531","15/07/2018","18:21:53","CALZ DE TLALPAN","CONJUNTO URBANO TLALPAN","COYOACAN",19.338429,-99.142529,"593455","CHOQUE","T",4,"S-2.3.5","TAXQUEÑA","TAXQUEÑA","AUTOMOVIL","MOTOCICLETA",NA,NA,"FORD AEROSTAR","YAMAHA",NA,NA,NA,"PHP3892","SD",NA,NA,"OCCISO","SIN SIGNOS VITALES","40",NA,1,0,"MOTOCICLISTA","CCO","CDMX 050","EN EL LUGAR DE LOS HECHOS",0,NA,NA,"(A) La unidad de atención a emergencias fue despachada, llegó al lugar de los hechos y confirmó la emergencia reportada","cadáver-accidente automovilístico","EMERGENCIA","LLAMADA DEL 911"
286,NA,7358,"C5/180719/00698","19/07/2018","03:00:07","AV 11","SAN JUAN XALPA","IZTAPALAPA",19.33102,-99.082101,"598974","CHOQUE","CRUZ",3,"O-1.4.3","ESTRELLA","ESTRELLA","MOTOCICLETA","OBJETO FIJO",NA,NA,"YAMAHA",NA,NA,NA,NA," 1M2SR",NA,NA,NA,"OCCISO","TCE","25","22",1,1,"PASAJERO","CCO","62","EN EL LUGAR DE LOS HECHOS",1,"SD","ARBOL","(A) La unidad de atención a emergencias fue despachada, llegó al lugar de los hechos y confirmó la emergencia reportada","cadáver-accidente automovilístico","EMERGENCIA","RADIO"
287,NA,7424,"C5/180720/08830","20/07/2018","20:49:29","CALZ GRAL IGNACIO ZARAGOZA","CUATRO ARBOLES","VENUSTIANO CARRANZA",19.412485,-99.082814,"602029","ATROPELLADO","T",1,"N-4.2.6 ","ARENAL","ARENAL","AUTOMOVIL",NA,NA,NA,"VOLKSWAGEN",NA,NA,NA,NA,"PXP3761",NA,NA,NA,"OCCISO","OCCISO POR TCE PROBABLE FX FALANGE PULGAR DER","47","23",1,1,"PEATON","ERUM/CCO","MX063G2","EN EL LUGAR DE LOS HECHOS",1,"SD",NA,"(A) La unidad de atención a emergencias fue despachada, llegó al lugar de los hechos y confirmó la emergencia reportada","cadáver-atropellado","EMERGENCIA","RADIO"
288,NA,7887,"C5/180728/01050","28/07/2018","02:31:02","ANILLO PERIFERICO","SAN JUAN ESTRELLA","IZTAPALAPA",19.329626,-99.06694,"615598","CHOQUE","T",3,"O-2.5.2","TEZONCO","TEZONCO","AUTOMOVIL","OBJETO FIJO",NA,NA,"CHEVY",NA,NA,NA,NA,"632XGJ",NA,NA,NA,"OCCISO","MUERTE SUBITA MUERTE SUBITA FX TORSO MEDIO FEMUR IZQ TCE LEVE","SD SD","SD SD 23 43",2,2,"PASAJERO","ERUM/CCO","MX002G2 MX059G2","EN EL LUGAR DE LOS HECHOS",4,"SD","BARDA","(A) La unidad de atención a emergencias fue despachada, llegó al lugar de los hechos y confirmó la emergencia reportada","cadáver-accidente automovilístico","EMERGENCIA","LLAMADA DEL 911"
289,NA,8238,"C5/180802/06570","02/08/2018","18:10:19","CIRCUITO BICENTENARIO","20 DE NOVIEMBRE","VENUSTIANO CARRANZA",19.45155,-99.106537,"SD","CHOQUE","T",1,"N-4.6.13","MOCTEZUMA","MOCTEZUMA","AUTOMOVIL","MOTOCICLETA",NA,NA,"VW","SUZUKI",NA,NA,NA,"E85AVS ","1F1NG",NA,NA,"OCCISO","PROBABLE FX DE CRANEO ","28",NA,1,0,"MOTOCICLISTA","CCO","MX020G2","EN EL LUGAR DE LOS HECHOS",0,NA,NA,"(A) La unidad de atención a emergencias fue despachada, llegó al lugar de los hechos y confirmó la emergencia reportada","cadáver-accidente automovilístico","EMERGENCIA","LLAMADA DEL 911"
290,NA,8267,"C5/180803/04511","03/08/2018","13:56:12","EJE 3 SUR","SEVILLA ","VENUSTIANO CARRANZA",19.40898,-99.123604,"628313","ATROPELLADO","T",1,"N-4.3.9","MERCED BALBUENA","MERCED BALBUENA","CAMION DE CARGA",NA,NA,NA,"INTERNATIONAL",NA,NA,NA,NA,"537ET8",NA,NA,NA,"OCCISO","OCCISO","75",NA,1,0,"PEATON","CCO","373","EN EL LUGAR DE LOS HECHOS",0,NA,"SD","(A) La unidad de atención a emergencias fue despachada, llegó al lugar de los hechos y confirmó la emergencia reportada","cadáver-atropellado","EMERGENCIA","LLAMADA DEL 911"
291,NA,8838,"C5/180812/10248","12/08/2018","19:34:00","AV OJO DE AGUA","HUAYATLA","MAGDALENA CONTRERAS",19.306562,-99.265969,"645671","ATROPELLADO","T",4,"S-3.2.1","SAN JERONIMO","SAN JERONIMO","AUTOMOVIL",NA,NA,NA,"VW JETTA",NA,NA,NA,NA,"81GKN",NA,NA,NA,"OCCISO","TCE SEVERO","SD",NA,1,0,"PEATON","CCO","1002 VULCANOS","EN EL LUGAR DE LOS HECHOS",0,NA,NA,"(A) La unidad de atención a emergencias fue despachada, llegó al lugar de los hechos y confirmó la emergencia reportada","cadáver-atropellado","EMERGENCIA","RADIO"
292,NA,9058,"C5/180816/08591","16/08/2018","18:57:00","ANILLO PERIFERICO","MIXCOAC","BENITO JUAREZ",19.373694,-99.191917,"653202","CHOQUE","RECTA",4,"S-1.3.11","NAPOLES","NAPOLES","AUTOMOVIL","OBJETO FIJO",NA,NA,"FORD MUSTANG",NA,NA,NA,NA,"443SRE",NA,NA,NA,"OCCISO","POLITRAUMATIZADO","19 18",NA,2,0,"PASAJERO","CCO","MX043G2","EN EL LUGAR DE LOS HECHOS",0,NA,"MURO","(A) La unidad de atención a emergencias fue despachada, llegó al lugar de los hechos y confirmó la emergencia reportada","cadáver-accidente automovilístico","EMERGENCIA","LLAMADA DEL 911"
293,NA,9221,"C5/180819/02442","19/08/2018","03:48:00","EJE 4 OTE","CUCHILLA AGRICOLA ORIENTAL","IZTACALCO",19.405038,-99.079575,"657676","ATROPELLADO","T",1,"Z.P.2","TLACOTAL","TLACOTAL","AUTOMOVIL",NA,NA,NA,"SD",NA,NA,NA,NA,"SD",NA,NA,NA,"OCCISO","OCCISO POR POLITRAUMATISMO","16",NA,1,0,"PEATON","CCO","01PC ","EN EL LUGAR DE LOS HECHOS",0,NA,NA,"(A) La unidad de atención a emergencias fue despachada, llegó al lugar de los hechos y confirmó la emergencia reportada","cadáver-atropellado","EMERGENCIA","LLAMADA DEL 911"
294,NA,10171,"C5/180903/10949","03/09/2018","23:02:55","ROSARIO CASTELLANOS","CHINAMPAC DE JUAREZ","IZTAPALAPA",19.374152,-99.052673,"683322","CHOQUE","RAMAS MULTIPLES",3,"O-1.2.18","SANTA CRUZ","SANTA CRUZ","MOTOCICLETA","AUTOMOVIL",NA,NA,"ITALIKA","RENAULT CLIO",NA,NA,NA,"2D35T","MNV9155",NA,NA,"OCCISO","DECESO","21",NA,1,0,"MOTOCICLISTA","CCO","1001 MX026G2","EN EL LUGAR DE LOS HECHOS",0,NA,NA,"(A) La unidad de atención a emergencias fue despachada, llegó al lugar de los hechos y confirmó la emergencia reportada","cadáver-accidente automovilístico","EMERGENCIA","LLAMADA DEL 911"
295,NA,10444,"C5/180908/01574","08/09/2018","03:12:40","ANILLO PERIFERICO","ISIDRO FABELA","TLALPAN",19.303083,-99.176716,"693518","DERRAPADO","T",4,"S-3.5.1 ","HUIPULCO HOSPITALES","HUIPULCO HOSPITALES","MOTOCICLETA",NA,NA,NA,"ITALIKA",NA,NA,NA,NA,"4F8AH",NA,NA,NA,"OCCISO","DECESO POR TCE","35",NA,1,0,"MOTOCICLISTA","CCO","GZ1776B","EN EL LUGAR DE LOS HECHOS",0,NA,NA,"(A) La unidad de atención a emergencias fue despachada, llegó al lugar de los hechos y confirmó la emergencia reportada","cadáver-accidente automovilístico","EMERGENCIA","LLAMADA DEL 911"
296,NA,10620,"C5/180912/00164","12/09/2018","00:34:05","AV PASEO DE LA REFORMA","POLANCO 4A SECC","MIGUEL HIDALGO",19.42651,-99.19745,"700023","ATROPELLADO","T",5,"P-31.12","POLANCO CASTILLO","POLANCO CASTILLO","AUTOMOVIL",NA,NA,NA,"SD",NA,NA,NA,NA,"SD",NA,NA,NA,"OCCISO","ETIOLOGIA A DESCARTAR","SD",NA,1,0,"PEATON","CRUZ ROJA/CCO","DF043CR","EN EL LUGAR DE LOS HECHOS",0,NA,NA,"(A) La unidad de atención a emergencias fue despachada, llegó al lugar de los hechos y confirmó la emergencia reportada","cadáver-atropellado","EMERGENCIA","LLAMADA DEL 911"
297,NA,11096,"C5/180921/11499","21/09/2018","23:50:39","ALLENDE ","SAN MATEO TLALTENANGO ","CUAJIMALPA",19.343351,-99.28182,"717265","ATROPELLADO","CRUZ",5,"P-1.7.6","EL YAQUI","EL YAQUI","SD",NA,NA,NA,"SD",NA,NA,NA,NA,"SD",NA,NA,NA,"OCCISO","DECESO","30",NA,1,0,"PEATON","CCO","8","EN EL LUGAR DE LOS HECHOS",0,NA,NA,"(A) La unidad de atención a emergencias fue despachada, llegó al lugar de los hechos y confirmó la emergencia reportada","cadáver-atropellado","EMERGENCIA","LLAMADA DEL 911"
298,NA,11935,"C5/181006/01845","06/10/2018","04:46:08","AV UNIVERSIDAD","CHIMALISTAC","ALVARO OBREGON",19.350655,-99.178946,"743604","ATROPELLADO","CRUZ",5,"SD","COYOACAN ","COYOACAN ","AUTOMOVIL",NA,NA,NA,"SD",NA,NA,NA,NA,"SD",NA,NA,NA,"OCCISO","DECESO POR MULTIPLES GOLPES","35",NA,1,0,"PEATON","ERUM/CCO","MX069G2","EN EL LUGAR DE LOS HECHOS",0,NA,NA,"(A) La unidad de atención a emergencias fue despachada, llegó al lugar de los hechos y confirmó la emergencia reportada","cadáver-atropellado","EMERGENCIA","LLAMADA DEL 911"
299,NA,12165,"C5/181009/09145","09/10/2018","22:16:14","2A CDA PRESA","LOMAS DE SAN BERNABE","MAGDALENA CONTRERAS",19.305788,-99.269797,"751117","CHOQUE","T",4,"SD","SAN JERONIMO","SAN JERONIMO","TAXI","OBJETO FIJO",NA,NA,"TSURU",NA,NA,NA,NA,"A3225M",NA,NA,NA,"OCCISO","DECESO POR GOLPE CRANEOENCEFALICO","58",NA,1,0,"CONDUCTOR","CCO","631PC","EN EL LUGAR DE LOS HECHOS",0,NA,"POSTE DE LUZ","(A) La unidad de atención a emergencias fue despachada, llegó al lugar de los hechos y confirmó la emergencia reportada","cadáver-accidente automovilístico","EMERGENCIA","LLAMADA DEL 911"
300,NA,12139,"C5/181009/09599","09/10/2018","23:21:58","CALZ DE TLALPAN","CAMPESTRE CHURUBUSCO","COYOACAN",19.342223,-99.14364,"751195","ATROPELLADO","RECTA",4,"ZP5","TAXQUEÑA","TAXQUEÑA","SD",NA,NA,NA,"SD",NA,NA,NA,NA,"SD",NA,NA,NA,"OCCISO","DECESO A DESCARTAR ETIOLOGIA","50",NA,1,0,"PEATON","ERUM/CCO","MX009G2","EN EL LUGAR DE LOS HECHOS",0,NA,NA,"(A) La unidad de atención a emergencias fue despachada, llegó al lugar de los hechos y confirmó la emergencia reportada","cadáver-atropellado","EMERGENCIA","RADIO"
301,NA,12409,"C5/181014/03027","14/10/2018","06:32:23","AV REVOLUCION","ESCANDON 1A SECC ","MIGUEL HIDALGO",19.401173,-99.184749,"759919","ATROPELLADO","T",5,"Z.P.10","TACUBAYA","TACUBAYA","SD",NA,NA,NA,"SD",NA,NA,NA,NA,"SD",NA,NA,NA,"OCCISO","DECESO POR TCE","40",NA,1,0,"PEATON","CRUZ ROJA/CCO","30","EN EL LUGAR DE LOS HECHOS",0,NA,NA,"(A) La unidad de atención a emergencias fue despachada, llegó al lugar de los hechos y confirmó la emergencia reportada","cadáver-atropellado","EMERGENCIA","LLAMADA DEL 911"
302,NA,12978,"C5/181023/09764","23/10/2018","23:45:42","VIADUCTO","ALAMOS","CUAUHTEMOC",19.403686,-99.144963,"778140","CHOQUE","CRUZ",2,"Z. P. 3","NARVARTE ALAMOS","NARVARTE ALAMOS","BICICLETA","AUTOMOVIL",NA,NA,"SD","HYUNDAI",NA,NA,NA,NA,"NDB6993",NA,NA,"OCCISO","TCE","35",NA,1,0,"CICLISTA","CCO","A AND E 71","EN EL LUGAR DE LOS HECHOS",0,NA,NA,"(A) La unidad de atención a emergencias fue despachada, llegó al lugar de los hechos y confirmó la emergencia reportada","cadáver-atropellado","EMERGENCIA","LLAMADA DEL 911"
303,NA,13099,"C5/181026/01492","26/10/2018","06:40:54","JESUS LECUONA","AMPL MIGUEL HIDALGO 2A SECC ","TLALPAN",19.284879,-99.198643,"782204","ATROPELLADO","CRUZ",4,"SD","FUENTE","FUENTE","MICROBUS",NA,NA,NA,"INTERNATIONAL",NA,NA,NA,"39","390025",NA,NA,NA,"OCCISO","DECESO POR CONTUSIONES MULTIPLES","65",NA,1,0,"PEATON","CCO","1001","EN EL LUGAR DE LOS HECHOS",0,NA,NA,"(A) La unidad de atención a emergencias fue despachada, llegó al lugar de los hechos y confirmó la emergencia reportada","cadáver-atropellado","EMERGENCIA","LLAMADA DEL 911"
304,NA,13170,"C5/181027/01839","27/10/2018","04:47:38","CALZ GRAL IGNACIO ZARAGOZA","AGRICOLA ORIENTAL","IZTAPALAPA",19.398406,-99.059572,"784342","ATROPELLADO","T",3,"SD","PANTITLAN","PANTITLAN ","AUTOMOVIL",NA,NA,NA,"SD",NA,NA,NA,NA,"SD",NA,NA,NA,"OCCISO","DECESO POR ATROPELLAMIENTO","40",NA,1,0,"PEATON","CRUZ ROJA/CCO","38","EN EL LUGAR DE LOS HECHOS",0,NA,NA,"(A) La unidad de atención a emergencias fue despachada, llegó al lugar de los hechos y confirmó la emergencia reportada","cadáver-atropellado","EMERGENCIA","LLAMADA DEL 911"
305,NA,13240,"C5/181028/02322","28/10/2018","04:05:40","AV CONSTITUYENTES ","LOMAS ALTAS","MIGUEL HIDALGO",19.395226,-99.230082,"786364","CHOQUE","T",5,"Z.P.1","SANTA FE","SANTA FE","MOTOCICLETA","AUTOMOVIL",NA,NA,"YAMAHA","SD",NA,NA,NA,"6R1TS","SD",NA,NA,"OCCISO","DECESO VITALES  POLICONTUNDIDO","28","22",1,1,"PASAJERO","CCO","MX047G2","EN EL LUGAR DE LOS HECHOS",1,"SD",NA,"(A) La unidad de atención a emergencias fue despachada, llegó al lugar de los hechos y confirmó la emergencia reportada","cadáver-accidente automovilístico","EMERGENCIA","LLAMADA DEL 911"
306,NA,13279,"C5/181029/06243","29/10/2018","16:25:55","AV CENTENARIO","LOMAS DE PLATEROS","ALVARO OBREGON",19.366596,-99.209452,"789049","ATROPELLADO","Y",5,"Z.P.11","PLATEROS","PLATEROS","MICROBUS",NA,NA,NA,"INTERNATIONAL",NA,NA,NA,"117","1170020",NA,NA,NA,"OCCISO","DECESO","70",NA,1,0,"PEATON","CCO","16 CR","EN EL LUGAR DE LOS HECHOS",0,NA,NA,"(A) La unidad de atención a emergencias fue despachada, llegó al lugar de los hechos y confirmó la emergencia reportada","cadáver-atropellado","EMERGENCIA","LLAMADA DEL 911"
307,NA,14024,"C5/181111/01634","11/11/2018","03:21:58","EJE 8 SUR","STA MARTHA ACATITLA ","IZTAPALAPA",19.357198,-99.003611,"811547","ATROPELLADO","CRUZ",3,"SD","TEOTONGO","TEOTONGO","AUTOMOVIL",NA,NA,NA,"SD",NA,NA,NA,NA,"SD",NA,NA,NA,"OCCISO","DECESO A DETERMINAR ETIOLOGIA","50",NA,1,0,"PEATON","CCO","30","EN EL LUGAR DE LOS HECHOS",0,NA,NA,"(A) La unidad de atención a emergencias fue despachada, llegó al lugar de los hechos y confirmó la emergencia reportada","cadáver-atropellado","EMERGENCIA","LLAMADA DEL 911"
308,NA,14308,"C5/181116/07667","16/11/2018","18:27:02","CALZ GRAL IGNACIO ZARAGOZA","IGNACIO ZARAGOZA","VENUSTIANO CARRANZA",19.421312,-99.098942,"811714","ATROPELLADO","CRUZ",1,"Z P 05","ZARAGOZA","ZARAGOZA","SD",NA,NA,NA,"SD",NA,NA,NA,NA,"SD",NA,NA,NA,"OCCISO","MUERTE POR ETIOLOGIA A DETERMINAR","60",NA,1,0,"PEATON","CCO","393","EN EL LUGAR DE LOS HECHOS",0,NA,NA,"(A) La unidad de atención a emergencias fue despachada, llegó al lugar de los hechos y confirmó la emergencia reportada","cadáver-atropellado","EMERGENCIA","LLAMADA DEL 911"
309,NA,14424,"C5/181118/01714","18/11/2018","04:07:48","EJE 5 OTE","DR ALFONSO ORTIZ TIRADO","IZTAPALAPA",19.387756,-99.074972,"824284","ATROPELLADO","CRUZ",3,"SD","PANTITLAN","PANTITLAN","AUTOMOVIL",NA,NA,NA,"SD",NA,NA,NA,NA,"SD",NA,NA,NA,"OCCISO","MUERTE POR TCE","30",NA,1,0,"PEATON","CCO","MX067G2","EN EL LUGAR DE LOS HECHOS",0,NA,NA,"(A) La unidad de atención a emergencias fue despachada, llegó al lugar de los hechos y confirmó la emergencia reportada","cadáver-atropellado","EMERGENCIA","RADIO"
310,NA,14542,"C5/181120/05141","20/11/2018","14:50:48","EJE 10 SUR","STA CATARINA YECAHUITZOTL","TLAHUAC",19.305893,-98.97427,"828483","CHOQUE","T",3,"SD","MIXQUIC","MIXQUIC","CAMION DE CARGA","MOTOCICLETA",NA,NA,"KENWORTH","YAMAHA",NA,NA,NA,"1X2LT","SD",NA,NA,"OCCISO","AUSENCIA DE SIGNOS VITALES","SD",NA,1,0,"MOTOCICLISTA","CCO","2","EN EL LUGAR DE LOS HECHOS",0,NA,"SD","(A) La unidad de atención a emergencias fue despachada, llegó al lugar de los hechos y confirmó la emergencia reportada","cadáver-accidente automovilístico","EMERGENCIA","LLAMADA DEL 911"
311,NA,14960,"C5/181127/01093","27/11/2018","06:53:59","SAN RAFAEL ATLIXCO ","EL TRIANGULO ","TLAHUAC",19.288354,-99.01479,"840301","CHOQUE","T",3,"SD","MIXQUIC","MIXQUIC","MOTOCICLETA","CAMION DE CARGA",NA,NA,"ITALIKA","DINA",NA,NA,NA,"7Y9KT","LA53769",NA,NA,"OCCISO","AUSENCIA DE SIGNOS VITALES POR TCE","49",NA,1,0,"MOTOCICLISTA","CCO","02PC","EN EL LUGAR DE LOS HECHOS",0,NA,"SD","(A) La unidad de atención a emergencias fue despachada, llegó al lugar de los hechos y confirmó la emergencia reportada","cadáver-accidente automovilístico","EMERGENCIA","LLAMADA DEL 911"
312,NA,14986,"C5/181127/06321","27/11/2018","17:23:00","EJE 5 SUR","EJERCITO DE AGUA PRIETA","IZTAPALAPA",19.364957,-99.035484,"841195","CHOQUE","T",3,"SD","SANTA CRUZ","SANTA CRUZ","MOTOCICLETA","AUTOMOVIL",NA,NA,"YAMAHA","SD",NA,NA,NA,"SD","SD",NA,NA,"OCCISO","DECESO POR TCE Y TORAX MIEMBROS PELVICOS   TCE MODERADO FX ROTULA DER Y CLAVICULA IZQ","22","27",1,1,"PASAJERO","ERUM/CCO","MX065G2","EN EL LUGAR DE LOS HECHOS",2,"SD",NA,"(A) La unidad de atención a emergencias fue despachada, llegó al lugar de los hechos y confirmó la emergencia reportada","cadáver-accidente automovilístico","EMERGENCIA","LLAMADA DEL 911"
313,NA,15055,"C5/181129/01122","29/11/2018","06:09:18","CALZ GRAL IGNACIO ZARAGOZA","CUATRO ARBOLES","VENUSTIANO CARRANZA",19.411917,-99.081556,"843645","ATROPELLADO","T",1,"ARENAL 6","ARENAL","ARENAL","MICROBUS",NA,NA,NA,"MERCEDES BENZ",NA,NA,NA,"SD","74HA5P",NA,NA,NA,"OCCISO","DECESO ETIMOLOGICA","58",NA,1,0,"PEATON","ERUM/CCO","MX009G2 ","EN EL LUGAR DE LOS HECHOS",0,NA,NA,"(A) La unidad de atención a emergencias fue despachada, llegó al lugar de los hechos y confirmó la emergencia reportada","cadáver-atropellado","EMERGENCIA","LLAMADA DEL 911"
314,NA,15203,"C5/181201/02799","01/12/2018","07:14:26","CALZ GRAL IGNACIO ZARAGOZA","AGRICOLA ORIENTAL","IZTAPALAPA",19.401072,-99.064417,"847293","CHOQUE","T",3,"SD","PANTITLAN","PANTITLAN","MOTOCICLETA","SD",NA,NA,"BAJAJ","SD",NA,NA,NA,"SD","SD",NA,NA,"OCCISO","PROBABLE FX DE CADERA  QUEMADURAS POR ABRASION   HX EN OCCIPITAL IZQ","24","22",1,1,"PASAJERO","CCO","1004","EN EL LUGAR DE LOS HECHOS",2,"SD",NA,"(A) La unidad de atención a emergencias fue despachada, llegó al lugar de los hechos y confirmó la emergencia reportada","cadáver-accidente automovilístico","EMERGENCIA","LLAMADA DEL 911"
315,NA,15363,"C5/181204/07617","04/12/2018","19:26:52","CALZ GRAL IGNACIO ZARAGOZA","JARDIN BALBUENA","VENUSTIANO CARRANZA",19.421957,-99.100279,"853519","ATROPELLADO","CRUZ",1,"N-4.3.4","AEROPUERTO","AEROPUERTO","CAMION DE CARGA",NA,NA,NA,"FREIGHTLINER",NA,NA,NA,NA,"808AR9",NA,NA,NA,"OCCISO","DECESO POR ATROPELLAMIENTO","SD",NA,1,0,"PEATON","CCO","MX009G2","EN EL LUGAR DE LOS HECHOS",0,NA,"SD","(A) La unidad de atención a emergencias fue despachada, llegó al lugar de los hechos y confirmó la emergencia reportada","cadáver-atropellado","EMERGENCIA","LLAMADA DEL 911"
316,NA,15538,"C5/181207/03110","07/12/2018","09:50:24","AV TLAHUAC","LA ESPERANZA","IZTAPALAPA",19.315556,-99.072293,"858024","ATROPELLADO","CRUZ",3,"O-2.5.9","TEZONCO","TEZONCO","CAMION DE CARGA",NA,NA,NA,"SD",NA,NA,NA,NA,"LB43402",NA,NA,NA,"OCCISO","DECESO POR POLITRAUMATISMO","81",NA,1,0,"PEATON","ERUM/CCO","MX066G2","EN EL LUGAR DE LOS HECHOS",0,NA,"TRAILER","(A) La unidad de atención a emergencias fue despachada, llegó al lugar de los hechos y confirmó la emergencia reportada","cadáver-atropellado","EMERGENCIA","LLAMADA DEL 911"
317,NA,15849,"C5/181211/00387","11/12/2018","01:40:16","ANILLO PERIFERICO","CIENEGA CHICA","XOCHIMILCO",19.298067,-99.093157,"864668","DERRAPADO","RECTA",3,"SD","TEPEPAN","TEPEPAN","MOTOCICLETA",NA,NA,NA,"YAMAHA",NA,NA,NA,NA,"2135F",NA,NA,NA,"OCCISO","SD","30",NA,1,0,"MOTOCICLISTA","ERUM/CCO","MX057G2","EN EL LUGAR DE LOS HECHOS",0,NA,NA,"(A) La unidad de atención a emergencias fue despachada, llegó al lugar de los hechos y confirmó la emergencia reportada","cadáver-accidente automovilístico","EMERGENCIA","LLAMADA DEL 911"
318,NA,15861,"C5/181211/09280","11/12/2018","22:28:46","FCO I MADERO","ANIMAS","XOCHIMILCO",19.257589,-99.025984,"866392","DERRAPADO","T",3,"8","TEPEPAN","TEPEPAN","MOTOCICLETA",NA,NA,NA,"SUZUKI",NA,NA,NA,NA,"8T8LS",NA,NA,NA,"OCCISO","SIN SIGNOS VITALES","43",NA,1,0,"MOTOCICLISTA","CCO","9","EN EL LUGAR DE LOS HECHOS",0,NA,NA,"(A) La unidad de atención a emergencias fue despachada, llegó al lugar de los hechos y confirmó la emergencia reportada","cadáver-accidente automovilístico","EMERGENCIA","LLAMADA DEL 911"
319,NA,15870,"C5/181212/09013","12/12/2018","20:45:40","CALZ GRAL IGNACIO ZARAGOZA","TEPALCATES","IZTAPALAPA",19.392062,-99.047898,"868258","ATROPELLADO","T",3,"2.1.19","OASIS","OASIS","AUTOMOVIL",NA,NA,NA,"AVEO",NA,NA,NA,NA,"MUG9507",NA,NA,NA,"OCCISO","TCE","40",NA,1,0,"PEATON","CCO","2035","EN EL LUGAR DE LOS HECHOS",0,NA,NA,"(A) La unidad de atención a emergencias fue despachada, llegó al lugar de los hechos y confirmó la emergencia reportada","cadáver-atropellado","EMERGENCIA","LLAMADA DEL 911"
320,NA,1178,"IZ/180204/03212","04/02/2018","09:28:04","AV AÑO DE JUAREZ","PUEBLO DE SAN LUIS TLAXIATEMALCO","XOCHIMILCO",19.257874,-99.037264,"357868","ATROPELLADO","CRUZ",3,"O-3.6.7","TEPEPAN","TEPEPAN","CAMION DE CARGA",NA,NA,NA,"MERCEDES BENZ",NA,NA,NA,NA,"5678 CJ ",NA,NA,NA,"OCCISO","OCCISO","73",NA,1,0,"PEATON","CCO","24","EN EL LUGAR DE LOS HECHOS",0,NA,"SD","(A) La unidad de atención a emergencias fue despachada, llegó al lugar de los hechos y confirmó la emergencia reportada","cadáver-atropellado","EMERGENCIA","BOTÓN DE AUXILIO"
321,NA,5511,"IZ/180616/00553","16/06/2018","00:57:40","EJE 8 SUR","AMPL SANTIAGO ACAHUALTEPEC 2A SECC","IZTAPALAPA",19.352224,-99.015513,"544124","ATROPELLADO","CRUZ",3,"O-2.3.4 ","SANTA CRUZ","SANTA CRUZ","AUTOMOVIL",NA,NA,NA,"CHEVROLET",NA,NA,NA,NA,"MLR8081",NA,NA,NA,"OCCISO","OCCISO","35",NA,1,0,"PEATON","CCO","37","EN EL LUGAR DE LOS HECHOS",0,NA,NA,"(A) La unidad de atención a emergencias fue despachada, llegó al lugar de los hechos y confirmó la emergencia reportada","cadáver-atropellado","EMERGENCIA","BOTÓN DE AUXILIO"
322,NA,6731,"IZ/180707/06114","07/07/2018","14:26:11","CIRCUITO BICENTENARIO","ABASTO REFORMA","IZTAPALAPA",19.370451,-99.094887,"580200","CHOQUE","T",3,"SD","ABASTO REFORMA","ABASTO REFORMA","CAMION DE CARGA","BICICLETA",NA,NA,"DINA","SD",NA,NA,NA,"491ED1","SD",NA,NA,"OCCISO","OCCISO POR POLITRAUMATISMO","40",NA,1,0,"CICLISTA","CCO","1","EN EL LUGAR DE LOS HECHOS",0,NA,"SD","(A) La unidad de atención a emergencias fue despachada, llegó al lugar de los hechos y confirmó la emergencia reportada","cadáver-atropellado","EMERGENCIA","RADIO"
323,NA,12413,"IZ/181014/11115","14/10/2018","22:08:02","AV TLAHUAC","EL TRIANGULO ","TLAHUAC",19.284246,-99.01385,"761264","ATROPELLADO","CRUZ",3,"2","MIXQUIC","MIXQUIC","AUTOMOVIL",NA,NA,NA,"SD",NA,NA,NA,NA,"SD",NA,NA,NA,"OCCISO","DECESO AUSENCIA DE SIGNOS VITALES","68",NA,1,0,"PEATON","CCO","SP10","EN EL LUGAR DE LOS HECHOS",0,NA,NA,"(A) La unidad de atención a emergencias fue despachada, llegó al lugar de los hechos y confirmó la emergencia reportada","cadáver-atropellado","EMERGENCIA","BOTÓN DE AUXILIO"
324,NA,14379,"IZ/181117/00654","17/11/2018","01:26:51","AV TLAHUAC","SAN FCO TLALTENCO","TLAHUAC",19.290611,-99.017007,"822350","CHOQUE","T",3,"SD","MIXQUIC","MIXQUIC","MOTOCICLETA","OBJETO FIJO",NA,NA,"HONDA",NA,NA,NA,NA,"737OS",NA,NA,NA,"OCCISO","TCE","24",NA,1,0,"MOTOCICLISTA","CCO","MX057G2","EN EL LUGAR DE LOS HECHOS",0,NA,"MURO DE CONTENSION","(A) La unidad de atención a emergencias fue despachada, llegó al lugar de los hechos y confirmó la emergencia reportada","cadáver-accidente automovilístico","EMERGENCIA","BOTÓN DE AUXILIO"
